,target,port,state,task_nr,direction,probe,correct,previous_port,previous_state,reward,block_nr,task_repeat_nr,port_repeat,next_correct,frac_corr,RT,time,current_sequence,graph_type
0,1,1,0,1,-1,False,True,,,True,0,0,False,False,,0,15132,"[1, 3, 6, 0, 2, 8, 4, 7, 5]",loop
1,5,1,0,1,-1,False,False,,,False,0,0,False,False,,0,15503,"[1, 3, 6, 0, 2, 8, 4, 7, 5]",loop
2,5,6,2,1,-1,False,False,,,True,0,0,True,True,,,17246,"[1, 3, 6, 0, 2, 8, 4, 7, 5]",loop
3,1,1,0,1,-1,False,True,,,True,0,0,True,False,,,17809,"[1, 3, 6, 0, 2, 8, 4, 7, 5]",loop
4,5,4,6,1,-1,False,False,,,True,0,0,False,True,,525,18334,"[1, 3, 6, 0, 2, 8, 4, 7, 5]",loop
5,1,1,0,1,-1,False,True,,,True,0,0,True,False,,,19051,"[1, 3, 6, 0, 2, 8, 4, 7, 5]",loop
6,5,6,2,1,-1,False,False,,,True,0,0,False,True,,695,19746,"[1, 3, 6, 0, 2, 8, 4, 7, 5]",loop
7,5,5,8,1,-1,False,True,,,True,0,0,True,False,,,32349,"[1, 3, 6, 0, 2, 8, 4, 7, 5]",loop
8,7,5,8,1,-1,False,False,,,False,0,0,False,True,,230,32579,"[1, 3, 6, 0, 2, 8, 4, 7, 5]",loop
9,7,7,7,1,-1,False,True,,,True,0,0,True,False,,,33807,"[1, 3, 6, 0, 2, 8, 4, 7, 5]",loop
10,4,7,7,1,-1,False,False,,,False,0,0,False,True,,412,34219,"[1, 3, 6, 0, 2, 8, 4, 7, 5]",loop
11,4,4,6,1,-1,False,True,,,True,0,0,True,True,,,35124,"[1, 3, 6, 0, 2, 8, 4, 7, 5]",loop
12,8,8,5,1,-1,False,True,,,False,0,0,False,False,,321,35445,"[1, 3, 6, 0, 2, 8, 4, 7, 5]",loop
13,2,8,5,1,-1,True,False,,,False,0,0,False,True,,410,35855,"[1, 3, 6, 0, 2, 8, 4, 7, 5]",loop
14,2,2,4,1,-1,True,True,,,True,0,0,True,True,,,36862,"[1, 3, 6, 0, 2, 8, 4, 7, 5]",loop
15,0,0,3,1,-1,False,True,,,False,0,0,False,True,,532,37394,"[1, 3, 6, 0, 2, 8, 4, 7, 5]",loop
16,2,2,4,1,1,False,True,,,False,0,0,False,False,,506,37900,"[1, 3, 6, 0, 2, 8, 4, 7, 5]",loop
17,8,4,6,1,1,False,False,,,False,0,0,False,False,,1233,39133,"[1, 3, 6, 0, 2, 8, 4, 7, 5]",loop
18,2,7,7,1,1,False,False,,,True,0,0,True,True,,,39612,"[1, 3, 6, 0, 2, 8, 4, 7, 5]",loop
19,2,2,4,1,1,False,True,,,True,0,0,True,False,,,40007,"[1, 3, 6, 0, 2, 8, 4, 7, 5]",loop
20,8,4,6,1,1,False,False,,,True,0,0,False,False,,342,40349,"[1, 3, 6, 0, 2, 8, 4, 7, 5]",loop
21,2,8,5,1,1,False,False,,,True,0,0,True,False,,,40667,"[1, 3, 6, 0, 2, 8, 4, 7, 5]",loop
22,2,6,2,1,1,False,False,,,True,0,0,True,True,,,41155,"[1, 3, 6, 0, 2, 8, 4, 7, 5]",loop
23,2,2,4,1,1,False,True,,,True,0,0,True,False,,,41803,"[1, 3, 6, 0, 2, 8, 4, 7, 5]",loop
24,8,4,6,1,1,False,False,,,True,0,0,False,True,,664,42467,"[1, 3, 6, 0, 2, 8, 4, 7, 5]",loop
25,8,8,5,1,1,False,True,,,True,0,0,True,True,,,42811,"[1, 3, 6, 0, 2, 8, 4, 7, 5]",loop
26,4,4,6,1,1,False,True,,,False,0,0,False,True,,1123,43934,"[1, 3, 6, 0, 2, 8, 4, 7, 5]",loop
27,7,7,7,1,1,False,True,,,False,0,0,False,True,,1317,45251,"[1, 3, 6, 0, 2, 8, 4, 7, 5]",loop
28,5,5,8,1,1,False,True,,,False,0,0,False,False,,1161,46412,"[1, 3, 6, 0, 2, 8, 4, 7, 5]",loop
29,1,7,7,1,1,False,False,,,False,0,0,False,True,,1706,48118,"[1, 3, 6, 0, 2, 8, 4, 7, 5]",loop
30,5,5,8,1,1,False,True,,,True,0,0,True,True,,,48583,"[1, 3, 6, 0, 2, 8, 4, 7, 5]",loop
31,1,1,0,1,1,False,True,,,True,0,0,False,False,,1036,49619,"[1, 3, 6, 0, 2, 8, 4, 7, 5]",loop
32,3,0,3,1,1,False,False,,,False,0,0,False,False,,1334,50953,"[1, 3, 6, 0, 2, 8, 4, 7, 5]",loop
33,1,4,6,1,1,False,False,,,True,0,0,True,True,,,51270,"[1, 3, 6, 0, 2, 8, 4, 7, 5]",loop
34,1,1,0,1,1,False,True,,,True,0,0,True,True,,,51649,"[1, 3, 6, 0, 2, 8, 4, 7, 5]",loop
35,3,3,1,1,1,False,True,,,True,0,0,False,True,,521,52170,"[1, 3, 6, 0, 2, 8, 4, 7, 5]",loop
36,6,6,2,1,1,False,True,,,False,0,0,False,False,,1284,53454,"[1, 3, 6, 0, 2, 8, 4, 7, 5]",loop
37,0,4,6,1,1,False,False,,,False,0,0,False,False,,457,53911,"[1, 3, 6, 0, 2, 8, 4, 7, 5]",loop
38,6,1,0,1,1,False,False,,,True,0,0,True,True,,,54341,"[1, 3, 6, 0, 2, 8, 4, 7, 5]",loop
39,6,6,2,1,1,False,True,,,True,0,0,True,False,,,54735,"[1, 3, 6, 0, 2, 8, 4, 7, 5]",loop
40,0,8,5,1,1,False,False,,,True,0,0,False,False,,467,55202,"[1, 3, 6, 0, 2, 8, 4, 7, 5]",loop
41,6,4,6,1,1,False,False,,,True,0,0,True,True,,,55480,"[1, 3, 6, 0, 2, 8, 4, 7, 5]",loop
42,6,6,2,1,1,False,True,,,True,0,0,True,False,,,55826,"[1, 3, 6, 0, 2, 8, 4, 7, 5]",loop
43,0,8,5,1,1,False,False,,,True,0,0,False,False,,440,56266,"[1, 3, 6, 0, 2, 8, 4, 7, 5]",loop
44,0,4,6,1,1,False,False,,,True,0,0,True,True,,,56499,"[1, 3, 6, 0, 2, 8, 4, 7, 5]",loop
45,0,0,3,1,1,False,True,,,True,0,0,True,True,,,56784,"[1, 3, 6, 0, 2, 8, 4, 7, 5]",loop
46,2,2,4,1,1,False,True,,,False,0,0,False,False,,1279,58063,"[1, 3, 6, 0, 2, 8, 4, 7, 5]",loop
47,8,4,6,1,1,False,False,,,False,0,0,False,True,,1844,59907,"[1, 3, 6, 0, 2, 8, 4, 7, 5]",loop
48,2,2,4,1,1,False,True,,,True,0,0,True,False,,,60370,"[1, 3, 6, 0, 2, 8, 4, 7, 5]",loop
49,8,4,6,1,1,False,False,,,True,0,0,False,True,,392,60762,"[1, 3, 6, 0, 2, 8, 4, 7, 5]",loop
50,2,2,4,1,1,False,True,,,True,0,0,True,False,,,61143,"[1, 3, 6, 0, 2, 8, 4, 7, 5]",loop
51,8,7,7,1,1,False,False,,,True,0,0,False,False,,1792,62935,"[1, 3, 6, 0, 2, 8, 4, 7, 5]",loop
52,8,4,6,1,1,False,False,,,True,0,0,True,True,,,63450,"[1, 3, 6, 0, 2, 8, 4, 7, 5]",loop
53,8,8,5,1,1,False,True,,,True,0,0,True,True,,,63750,"[1, 3, 6, 0, 2, 8, 4, 7, 5]",loop
54,4,4,6,1,1,False,True,,,False,0,0,False,True,,1079,64829,"[1, 3, 6, 0, 2, 8, 4, 7, 5]",loop
55,7,7,7,1,1,False,True,,,False,0,0,False,False,,338,65167,"[1, 3, 6, 0, 2, 8, 4, 7, 5]",loop
56,5,2,4,1,1,False,False,,,False,0,0,False,True,,984,66151,"[1, 3, 6, 0, 2, 8, 4, 7, 5]",loop
57,7,7,7,1,1,False,True,,,True,0,0,True,True,,,66503,"[1, 3, 6, 0, 2, 8, 4, 7, 5]",loop
58,5,5,8,1,1,False,True,,,True,0,0,False,False,,1420,67923,"[1, 3, 6, 0, 2, 8, 4, 7, 5]",loop
59,1,7,7,1,1,False,False,,,False,0,0,False,True,,2265,70188,"[1, 3, 6, 0, 2, 8, 4, 7, 5]",loop
60,5,5,8,1,1,False,True,,,True,0,0,True,False,,,70564,"[1, 3, 6, 0, 2, 8, 4, 7, 5]",loop
61,1,7,7,1,1,False,False,,,True,0,0,False,True,,613,71177,"[1, 3, 6, 0, 2, 8, 4, 7, 5]",loop
62,5,5,8,1,1,False,True,,,True,0,0,True,False,,,71662,"[1, 3, 6, 0, 2, 8, 4, 7, 5]",loop
63,1,0,3,1,1,False,False,,,True,0,0,False,True,,712,72374,"[1, 3, 6, 0, 2, 8, 4, 7, 5]",loop
64,1,1,0,1,1,False,True,,,True,0,0,True,False,,,72647,"[1, 3, 6, 0, 2, 8, 4, 7, 5]",loop
65,3,6,2,1,1,False,False,,,False,0,0,False,False,,1452,74099,"[1, 3, 6, 0, 2, 8, 4, 7, 5]",loop
66,1,3,1,1,1,False,False,,,True,0,0,True,True,,,74536,"[1, 3, 6, 0, 2, 8, 4, 7, 5]",loop
67,1,1,0,1,1,False,True,,,True,0,0,True,False,,,75042,"[1, 3, 6, 0, 2, 8, 4, 7, 5]",loop
68,3,6,2,1,1,False,False,,,True,0,0,False,True,,419,75461,"[1, 3, 6, 0, 2, 8, 4, 7, 5]",loop
69,1,1,0,1,1,False,True,,,True,0,0,True,True,,,75851,"[1, 3, 6, 0, 2, 8, 4, 7, 5]",loop
70,3,3,1,1,1,False,True,,,True,0,0,False,True,,343,76194,"[1, 3, 6, 0, 2, 8, 4, 7, 5]",loop
71,6,6,2,1,1,False,True,,,False,0,0,False,False,,1462,77656,"[1, 3, 6, 0, 2, 8, 4, 7, 5]",loop
72,0,4,6,1,1,True,False,,,False,0,0,False,False,,1346,79002,"[1, 3, 6, 0, 2, 8, 4, 7, 5]",loop
73,6,1,0,1,1,False,False,,,True,0,0,True,True,,,79502,"[1, 3, 6, 0, 2, 8, 4, 7, 5]",loop
74,6,6,2,1,1,False,True,,,True,0,0,True,True,,,79856,"[1, 3, 6, 0, 2, 8, 4, 7, 5]",loop
75,0,0,3,1,1,False,True,,,True,0,0,False,True,,383,80239,"[1, 3, 6, 0, 2, 8, 4, 7, 5]",loop
76,2,2,4,1,1,False,True,,,False,0,0,False,False,,1186,81425,"[1, 3, 6, 0, 2, 8, 4, 7, 5]",loop
77,8,4,6,1,1,True,False,,,False,0,0,False,True,,1481,82906,"[1, 3, 6, 0, 2, 8, 4, 7, 5]",loop
78,2,2,4,1,1,False,True,,,True,0,0,True,False,,,83304,"[1, 3, 6, 0, 2, 8, 4, 7, 5]",loop
79,8,7,7,1,1,False,False,,,True,0,0,False,True,,322,83626,"[1, 3, 6, 0, 2, 8, 4, 7, 5]",loop
80,2,2,4,1,1,False,True,,,True,0,0,True,False,,,84025,"[1, 3, 6, 0, 2, 8, 4, 7, 5]",loop
81,8,4,6,1,1,False,False,,,True,0,0,False,False,,505,84530,"[1, 3, 6, 0, 2, 8, 4, 7, 5]",loop
82,8,0,3,1,1,False,False,,,True,0,0,True,False,,,85007,"[1, 3, 6, 0, 2, 8, 4, 7, 5]",loop
83,8,4,6,1,1,False,False,,,True,0,0,True,True,,,85532,"[1, 3, 6, 0, 2, 8, 4, 7, 5]",loop
84,8,8,5,1,1,False,True,,,True,0,0,True,True,,,86073,"[1, 3, 6, 0, 2, 8, 4, 7, 5]",loop
85,4,4,6,1,1,False,True,,,False,0,0,False,True,,1568,87641,"[1, 3, 6, 0, 2, 8, 4, 7, 5]",loop
86,7,7,7,1,1,False,True,,,False,0,0,False,True,,1737,89378,"[1, 3, 6, 0, 2, 8, 4, 7, 5]",loop
87,5,5,8,1,1,False,True,,,False,0,0,False,True,,1541,90919,"[1, 3, 6, 0, 2, 8, 4, 7, 5]",loop
88,1,1,0,1,1,False,True,,,False,0,0,False,False,,3184,94103,"[1, 3, 6, 0, 2, 8, 4, 7, 5]",loop
89,3,1,0,1,1,False,False,,,False,0,0,False,True,,1278,95381,"[1, 3, 6, 0, 2, 8, 4, 7, 5]",loop
90,3,3,1,1,1,False,True,,,True,0,0,True,True,,,95515,"[1, 3, 6, 0, 2, 8, 4, 7, 5]",loop
91,6,6,2,1,1,False,True,,,False,0,0,False,True,,1363,96878,"[1, 3, 6, 0, 2, 8, 4, 7, 5]",loop
92,0,0,3,1,1,False,True,,,False,0,0,False,True,,1349,98227,"[1, 3, 6, 0, 2, 8, 4, 7, 5]",loop
93,2,2,4,1,1,False,True,,,False,0,0,False,False,,1349,99576,"[1, 3, 6, 0, 2, 8, 4, 7, 5]",loop
94,8,4,6,1,1,False,False,,,False,0,0,False,True,,1567,101143,"[1, 3, 6, 0, 2, 8, 4, 7, 5]",loop
95,2,2,4,1,1,False,True,,,True,0,0,True,False,,,101576,"[1, 3, 6, 0, 2, 8, 4, 7, 5]",loop
96,8,0,3,1,1,False,False,,,True,0,0,False,False,,458,102034,"[1, 3, 6, 0, 2, 8, 4, 7, 5]",loop
97,2,0,3,1,1,False,False,,,True,0,0,True,True,,,102371,"[1, 3, 6, 0, 2, 8, 4, 7, 5]",loop
98,2,2,4,1,1,False,True,,,True,0,0,True,False,,,102688,"[1, 3, 6, 0, 2, 8, 4, 7, 5]",loop
99,8,4,6,1,1,False,False,,,True,0,0,False,True,,522,103210,"[1, 3, 6, 0, 2, 8, 4, 7, 5]",loop
100,8,8,5,1,1,False,True,,,True,0,0,True,True,,,103538,"[1, 3, 6, 0, 2, 8, 4, 7, 5]",loop
101,4,4,6,1,1,True,True,,,False,0,0,False,False,,1320,104858,"[1, 3, 6, 0, 2, 8, 4, 7, 5]",loop
102,7,8,5,1,1,True,False,,,False,0,0,False,False,,1508,106366,"[1, 3, 6, 0, 2, 8, 4, 7, 5]",loop
103,4,6,2,1,1,False,False,,,True,0,0,True,False,,,106760,"[1, 3, 6, 0, 2, 8, 4, 7, 5]",loop
104,4,8,5,1,1,False,False,,,True,0,0,True,True,,,107243,"[1, 3, 6, 0, 2, 8, 4, 7, 5]",loop
105,4,4,6,1,1,False,True,,,True,0,0,True,False,,,107477,"[1, 3, 6, 0, 2, 8, 4, 7, 5]",loop
106,7,8,5,1,1,False,False,,,True,0,0,False,True,,321,107798,"[1, 3, 6, 0, 2, 8, 4, 7, 5]",loop
107,4,4,6,1,1,False,True,,,True,0,0,True,False,,,108169,"[1, 3, 6, 0, 2, 8, 4, 7, 5]",loop
108,7,8,5,1,1,False,False,,,True,0,0,False,True,,558,108727,"[1, 3, 6, 0, 2, 8, 4, 7, 5]",loop
109,7,7,7,1,1,False,True,,,True,0,0,True,False,,,108948,"[1, 3, 6, 0, 2, 8, 4, 7, 5]",loop
110,5,7,7,1,1,False,False,,,False,0,0,False,True,,484,109432,"[1, 3, 6, 0, 2, 8, 4, 7, 5]",loop
111,5,5,8,1,1,False,True,,,True,0,0,True,False,,,110937,"[1, 3, 6, 0, 2, 8, 4, 7, 5]",loop
112,1,7,7,1,1,False,False,,,False,0,0,False,True,,1596,112533,"[1, 3, 6, 0, 2, 8, 4, 7, 5]",loop
113,5,5,8,1,1,False,True,,,True,0,0,True,False,,,112947,"[1, 3, 6, 0, 2, 8, 4, 7, 5]",loop
114,1,2,4,1,1,False,False,,,True,0,0,False,True,,566,113513,"[1, 3, 6, 0, 2, 8, 4, 7, 5]",loop
115,5,5,8,1,1,False,True,,,True,0,0,True,False,,,113958,"[1, 3, 6, 0, 2, 8, 4, 7, 5]",loop
116,1,7,7,1,1,False,False,,,True,0,0,False,False,,595,114553,"[1, 3, 6, 0, 2, 8, 4, 7, 5]",loop
117,1,4,6,1,1,False,False,,,True,0,0,True,True,,,115153,"[1, 3, 6, 0, 2, 8, 4, 7, 5]",loop
118,1,1,0,1,1,False,True,,,True,0,0,True,False,,,115279,"[1, 3, 6, 0, 2, 8, 4, 7, 5]",loop
119,3,4,6,1,1,False,False,,,False,0,0,False,False,,283,115562,"[1, 3, 6, 0, 2, 8, 4, 7, 5]",loop
120,1,6,2,1,1,False,False,,,True,0,0,True,True,,,116737,"[1, 3, 6, 0, 2, 8, 4, 7, 5]",loop
121,1,1,0,1,1,False,True,,,True,0,0,True,False,,,117421,"[1, 3, 6, 0, 2, 8, 4, 7, 5]",loop
122,3,4,6,1,1,False,False,,,True,0,0,False,False,,449,117870,"[1, 3, 6, 0, 2, 8, 4, 7, 5]",loop
123,1,4,6,1,1,False,False,,,True,0,0,True,True,,,118092,"[1, 3, 6, 0, 2, 8, 4, 7, 5]",loop
124,1,1,0,1,1,False,True,,,True,0,0,True,False,,,118214,"[1, 3, 6, 0, 2, 8, 4, 7, 5]",loop
125,3,4,6,1,1,False,False,,,True,0,0,False,True,,422,118636,"[1, 3, 6, 0, 2, 8, 4, 7, 5]",loop
126,3,3,1,1,1,False,True,,,True,0,0,True,True,,,118743,"[1, 3, 6, 0, 2, 8, 4, 7, 5]",loop
127,6,6,2,1,1,False,True,,,False,0,0,False,False,,1663,120406,"[1, 3, 6, 0, 2, 8, 4, 7, 5]",loop
128,0,1,0,1,1,True,False,,,False,0,0,False,False,,1389,121795,"[1, 3, 6, 0, 2, 8, 4, 7, 5]",loop
129,6,3,1,1,1,False,False,,,True,0,0,True,True,,,122235,"[1, 3, 6, 0, 2, 8, 4, 7, 5]",loop
130,6,6,2,1,1,False,True,,,True,0,0,True,False,,,122615,"[1, 3, 6, 0, 2, 8, 4, 7, 5]",loop
131,0,1,0,1,1,False,False,,,True,0,0,False,True,,373,122988,"[1, 3, 6, 0, 2, 8, 4, 7, 5]",loop
132,6,6,2,1,1,False,True,,,True,0,0,True,False,,,123688,"[1, 3, 6, 0, 2, 8, 4, 7, 5]",loop
133,0,6,2,1,1,False,False,,,True,0,0,False,False,,357,124045,"[1, 3, 6, 0, 2, 8, 4, 7, 5]",loop
134,0,1,0,1,1,False,False,,,True,0,0,True,True,,,124077,"[1, 3, 6, 0, 2, 8, 4, 7, 5]",loop
135,0,0,3,1,1,False,True,,,True,0,0,True,True,,,124315,"[1, 3, 6, 0, 2, 8, 4, 7, 5]",loop
136,2,2,4,1,1,False,True,,,False,0,0,False,False,,1343,125658,"[1, 3, 6, 0, 2, 8, 4, 7, 5]",loop
137,8,4,6,1,1,False,False,,,False,0,0,False,False,,1428,127086,"[1, 3, 6, 0, 2, 8, 4, 7, 5]",loop
138,2,8,5,1,1,False,False,,,True,0,0,True,True,,,127374,"[1, 3, 6, 0, 2, 8, 4, 7, 5]",loop
139,2,2,4,1,1,False,True,,,True,0,0,True,False,,,128018,"[1, 3, 6, 0, 2, 8, 4, 7, 5]",loop
140,8,0,3,1,1,False,False,,,True,0,0,False,False,,403,128421,"[1, 3, 6, 0, 2, 8, 4, 7, 5]",loop
141,2,1,0,1,1,False,False,,,True,0,0,True,False,,,128793,"[1, 3, 6, 0, 2, 8, 4, 7, 5]",loop
142,2,4,6,1,1,False,False,,,True,0,0,True,True,,,129018,"[1, 3, 6, 0, 2, 8, 4, 7, 5]",loop
143,2,2,4,1,1,False,True,,,True,0,0,True,True,,,129319,"[1, 3, 6, 0, 2, 8, 4, 7, 5]",loop
144,8,8,5,1,1,False,True,,,True,0,0,False,True,,696,130015,"[1, 3, 6, 0, 2, 8, 4, 7, 5]",loop
145,4,4,6,1,1,False,True,,,False,0,0,False,True,,1280,131295,"[1, 3, 6, 0, 2, 8, 4, 7, 5]",loop
146,7,7,7,1,1,False,True,,,False,0,0,False,True,,1340,132635,"[1, 3, 6, 0, 2, 8, 4, 7, 5]",loop
147,5,5,8,1,1,False,True,,,False,0,0,False,False,,4587,137222,"[1, 3, 6, 0, 2, 8, 4, 7, 5]",loop
148,1,7,7,1,1,False,False,,,False,0,0,False,True,,263,137485,"[1, 3, 6, 0, 2, 8, 4, 7, 5]",loop
149,5,5,8,1,1,False,True,,,True,0,0,True,False,,,138001,"[1, 3, 6, 0, 2, 8, 4, 7, 5]",loop
150,1,7,7,1,1,False,False,,,True,0,0,False,True,,3787,141788,"[1, 3, 6, 0, 2, 8, 4, 7, 5]",loop
151,5,5,8,1,1,False,True,,,True,0,0,True,True,,,142208,"[1, 3, 6, 0, 2, 8, 4, 7, 5]",loop
152,1,1,0,1,1,False,True,,,True,0,0,False,True,,737,142945,"[1, 3, 6, 0, 2, 8, 4, 7, 5]",loop
153,3,3,1,1,1,False,True,,,False,0,0,False,True,,1581,144526,"[1, 3, 6, 0, 2, 8, 4, 7, 5]",loop
154,6,6,2,1,1,True,True,,,False,0,0,False,True,,1411,145937,"[1, 3, 6, 0, 2, 8, 4, 7, 5]",loop
155,0,0,3,1,1,False,True,,,False,0,0,False,True,,1415,147352,"[1, 3, 6, 0, 2, 8, 4, 7, 5]",loop
156,2,2,4,1,1,True,True,,,False,0,0,False,False,,1444,148796,"[1, 3, 6, 0, 2, 8, 4, 7, 5]",loop
157,8,4,6,1,1,False,False,,,False,0,0,False,False,,1404,150200,"[1, 3, 6, 0, 2, 8, 4, 7, 5]",loop
158,2,4,6,1,1,False,False,,,True,0,0,True,True,,,150462,"[1, 3, 6, 0, 2, 8, 4, 7, 5]",loop
159,2,2,4,1,1,False,True,,,True,0,0,True,False,,,150963,"[1, 3, 6, 0, 2, 8, 4, 7, 5]",loop
160,8,0,3,1,1,False,False,,,True,0,0,False,True,,621,151584,"[1, 3, 6, 0, 2, 8, 4, 7, 5]",loop
161,2,2,4,1,1,False,True,,,True,0,0,True,False,,,152260,"[1, 3, 6, 0, 2, 8, 4, 7, 5]",loop
162,8,4,6,1,1,False,False,,,True,0,0,False,True,,461,152721,"[1, 3, 6, 0, 2, 8, 4, 7, 5]",loop
163,8,8,5,1,1,False,True,,,True,0,0,True,True,,,153150,"[1, 3, 6, 0, 2, 8, 4, 7, 5]",loop
164,4,4,6,1,1,True,True,,,False,0,0,False,False,,1685,154835,"[1, 3, 6, 0, 2, 8, 4, 7, 5]",loop
165,7,8,5,1,1,False,False,,,False,0,0,False,True,,1335,156170,"[1, 3, 6, 0, 2, 8, 4, 7, 5]",loop
166,4,4,6,1,1,False,True,,,True,0,0,True,False,,,156805,"[1, 3, 6, 0, 2, 8, 4, 7, 5]",loop
167,7,8,5,1,1,False,False,,,True,0,0,False,False,,381,157186,"[1, 3, 6, 0, 2, 8, 4, 7, 5]",loop
168,4,8,5,1,1,False,False,,,True,0,0,True,True,,,157583,"[1, 3, 6, 0, 2, 8, 4, 7, 5]",loop
169,4,4,6,1,1,False,True,,,True,0,0,True,True,,,158283,"[1, 3, 6, 0, 2, 8, 4, 7, 5]",loop
170,7,7,7,1,1,False,True,,,True,0,0,False,True,,530,158813,"[1, 3, 6, 0, 2, 8, 4, 7, 5]",loop
171,4,4,6,1,-1,False,True,,,False,0,0,False,True,,1591,160404,"[1, 3, 6, 0, 2, 8, 4, 7, 5]",loop
172,8,8,5,1,-1,False,True,,,False,0,0,False,False,,1375,161779,"[1, 3, 6, 0, 2, 8, 4, 7, 5]",loop
173,2,4,6,1,-1,False,False,,,False,0,0,False,True,,1388,163167,"[1, 3, 6, 0, 2, 8, 4, 7, 5]",loop
174,8,8,5,1,-1,False,True,,,True,0,0,True,True,,,163621,"[1, 3, 6, 0, 2, 8, 4, 7, 5]",loop
175,2,2,4,1,-1,False,True,,,True,0,0,False,False,,737,164358,"[1, 3, 6, 0, 2, 8, 4, 7, 5]",loop
176,0,2,4,1,-1,True,False,,,False,0,0,False,True,,1053,165411,"[1, 3, 6, 0, 2, 8, 4, 7, 5]",loop
177,0,0,3,1,-1,True,True,,,True,0,0,True,True,,,165800,"[1, 3, 6, 0, 2, 8, 4, 7, 5]",loop
178,6,6,2,1,-1,False,True,,,False,0,0,False,False,,1604,167404,"[1, 3, 6, 0, 2, 8, 4, 7, 5]",loop
179,3,6,2,1,-1,False,False,,,False,0,0,False,True,,1072,168476,"[1, 3, 6, 0, 2, 8, 4, 7, 5]",loop
180,3,3,1,1,-1,False,True,,,True,0,0,True,False,,,168892,"[1, 3, 6, 0, 2, 8, 4, 7, 5]",loop
181,1,3,1,1,-1,True,False,,,False,0,0,False,False,,1280,170172,"[1, 3, 6, 0, 2, 8, 4, 7, 5]",loop
182,1,6,2,1,-1,True,False,,,True,0,0,True,True,,,170706,"[1, 3, 6, 0, 2, 8, 4, 7, 5]",loop
183,3,3,1,1,-1,False,True,,,True,0,0,True,True,,,182864,"[1, 3, 6, 0, 2, 8, 4, 7, 5]",loop
184,1,1,0,1,-1,False,True,,,True,0,0,False,False,,696,183560,"[1, 3, 6, 0, 2, 8, 4, 7, 5]",loop
185,5,4,6,1,-1,False,False,,,False,0,0,False,False,,3372,186932,"[1, 3, 6, 0, 2, 8, 4, 7, 5]",loop
186,1,2,4,1,-1,False,False,,,True,0,0,True,False,,,187780,"[1, 3, 6, 0, 2, 8, 4, 7, 5]",loop
187,1,0,3,1,-1,False,False,,,True,0,0,True,True,,,188194,"[1, 3, 6, 0, 2, 8, 4, 7, 5]",loop
188,1,1,0,1,-1,False,True,,,True,0,0,True,False,,,188588,"[1, 3, 6, 0, 2, 8, 4, 7, 5]",loop
189,5,6,2,1,-1,False,False,,,True,0,0,False,True,,1546,190134,"[1, 3, 6, 0, 2, 8, 4, 7, 5]",loop
190,1,1,0,1,-1,False,True,,,True,0,0,True,False,,,190578,"[1, 3, 6, 0, 2, 8, 4, 7, 5]",loop
191,5,1,0,1,-1,False,False,,,True,0,0,False,False,,510,191088,"[1, 3, 6, 0, 2, 8, 4, 7, 5]",loop
192,5,8,5,1,-1,False,False,,,True,0,0,True,False,,,191621,"[1, 3, 6, 0, 2, 8, 4, 7, 5]",loop
193,5,7,7,1,-1,False,False,,,True,0,0,True,True,,,192628,"[1, 3, 6, 0, 2, 8, 4, 7, 5]",loop
194,5,5,8,1,-1,False,True,,,True,0,0,True,False,,,193495,"[1, 3, 6, 0, 2, 8, 4, 7, 5]",loop
195,7,5,8,1,-1,False,False,,,False,0,0,False,False,,229,193724,"[1, 3, 6, 0, 2, 8, 4, 7, 5]",loop
196,7,2,4,1,-1,False,False,,,True,0,0,True,True,,,195262,"[1, 3, 6, 0, 2, 8, 4, 7, 5]",loop
197,5,5,8,1,-1,False,True,,,True,0,0,True,False,,,195634,"[1, 3, 6, 0, 2, 8, 4, 7, 5]",loop
198,7,2,4,1,-1,False,False,,,True,0,0,False,False,,450,196084,"[1, 3, 6, 0, 2, 8, 4, 7, 5]",loop
199,5,2,4,1,-1,False,False,,,True,0,0,True,False,,,196485,"[1, 3, 6, 0, 2, 8, 4, 7, 5]",loop
200,5,7,7,1,-1,False,False,,,True,0,0,True,True,,,196850,"[1, 3, 6, 0, 2, 8, 4, 7, 5]",loop
201,5,5,8,1,-1,False,True,,,True,0,0,True,False,,,197148,"[1, 3, 6, 0, 2, 8, 4, 7, 5]",loop
202,7,2,4,1,-1,False,False,,,True,0,0,False,True,,309,197457,"[1, 3, 6, 0, 2, 8, 4, 7, 5]",loop
203,7,7,7,1,-1,False,True,,,True,0,0,True,True,,,197997,"[1, 3, 6, 0, 2, 8, 4, 7, 5]",loop
204,4,4,6,1,-1,True,True,,,False,0,0,False,True,,1791,199788,"[1, 3, 6, 0, 2, 8, 4, 7, 5]",loop
205,8,8,5,1,-1,False,True,,,False,0,0,False,False,,1070,200858,"[1, 3, 6, 0, 2, 8, 4, 7, 5]",loop
206,2,4,6,1,-1,False,False,,,False,0,0,False,True,,1115,201973,"[1, 3, 6, 0, 2, 8, 4, 7, 5]",loop
207,8,8,5,1,-1,False,True,,,True,0,0,True,True,,,202470,"[1, 3, 6, 0, 2, 8, 4, 7, 5]",loop
208,2,2,4,1,-1,False,True,,,True,0,0,False,False,,563,203033,"[1, 3, 6, 0, 2, 8, 4, 7, 5]",loop
209,0,7,7,1,-1,True,False,,,False,0,0,False,True,,1434,204467,"[1, 3, 6, 0, 2, 8, 4, 7, 5]",loop
210,2,2,4,1,-1,False,True,,,True,0,0,True,True,,,204957,"[1, 3, 6, 0, 2, 8, 4, 7, 5]",loop
211,0,0,3,1,-1,False,True,,,True,0,0,False,False,,284,205241,"[1, 3, 6, 0, 2, 8, 4, 7, 5]",loop
212,6,4,6,1,-1,False,False,,,False,0,0,False,False,,165,205406,"[1, 3, 6, 0, 2, 8, 4, 7, 5]",loop
213,0,4,6,1,-1,False,False,,,True,0,0,True,True,,,206647,"[1, 3, 6, 0, 2, 8, 4, 7, 5]",loop
214,0,0,3,1,-1,False,True,,,True,0,0,True,False,,,206978,"[1, 3, 6, 0, 2, 8, 4, 7, 5]",loop
215,6,4,6,1,-1,False,False,,,True,0,0,False,False,,31,207009,"[1, 3, 6, 0, 2, 8, 4, 7, 5]",loop
216,0,1,0,1,-1,False,False,,,True,0,0,True,True,,,207362,"[1, 3, 6, 0, 2, 8, 4, 7, 5]",loop
217,0,0,3,1,-1,False,True,,,True,0,0,True,True,,,207863,"[1, 3, 6, 0, 2, 8, 4, 7, 5]",loop
218,6,6,2,1,-1,False,True,,,True,0,0,False,True,,725,208588,"[1, 3, 6, 0, 2, 8, 4, 7, 5]",loop
219,3,3,1,1,-1,False,True,,,False,0,0,False,False,,1230,209818,"[1, 3, 6, 0, 2, 8, 4, 7, 5]",loop
220,1,3,1,1,-1,False,False,,,False,0,0,False,False,,1418,211236,"[1, 3, 6, 0, 2, 8, 4, 7, 5]",loop
221,1,6,2,1,-1,False,False,,,True,0,0,True,True,,,211647,"[1, 3, 6, 0, 2, 8, 4, 7, 5]",loop
222,3,3,1,1,-1,False,True,,,True,0,0,True,True,,,212071,"[1, 3, 6, 0, 2, 8, 4, 7, 5]",loop
223,1,1,0,1,-1,False,True,,,True,0,0,False,False,,251,212322,"[1, 3, 6, 0, 2, 8, 4, 7, 5]",loop
224,5,8,5,1,-1,False,False,,,False,0,0,False,False,,2739,215061,"[1, 3, 6, 0, 2, 8, 4, 7, 5]",loop
225,1,7,7,1,-1,False,False,,,True,0,0,True,False,,,215761,"[1, 3, 6, 0, 2, 8, 4, 7, 5]",loop
226,1,4,6,1,-1,False,False,,,True,0,0,True,True,,,216247,"[1, 3, 6, 0, 2, 8, 4, 7, 5]",loop
227,1,1,0,1,-1,False,True,,,True,0,0,True,False,,,216277,"[1, 3, 6, 0, 2, 8, 4, 7, 5]",loop
228,5,0,3,1,-1,False,False,,,True,0,0,False,True,,536,216813,"[1, 3, 6, 0, 2, 8, 4, 7, 5]",loop
229,1,1,0,1,-1,False,True,,,True,0,0,True,False,,,217264,"[1, 3, 6, 0, 2, 8, 4, 7, 5]",loop
230,5,4,6,1,-1,False,False,,,True,0,0,False,False,,980,218244,"[1, 3, 6, 0, 2, 8, 4, 7, 5]",loop
231,5,2,4,1,-1,False,False,,,True,0,0,True,True,,,218317,"[1, 3, 6, 0, 2, 8, 4, 7, 5]",loop
232,5,5,8,1,-1,False,True,,,True,0,0,True,False,,,218760,"[1, 3, 6, 0, 2, 8, 4, 7, 5]",loop
233,7,5,8,1,-1,False,False,,,False,0,0,False,True,,495,219255,"[1, 3, 6, 0, 2, 8, 4, 7, 5]",loop
234,7,7,7,1,-1,False,True,,,True,0,0,True,True,,,220710,"[1, 3, 6, 0, 2, 8, 4, 7, 5]",loop
235,4,4,6,1,-1,True,True,,,False,0,0,False,True,,1519,222229,"[1, 3, 6, 0, 2, 8, 4, 7, 5]",loop
236,8,8,5,1,-1,False,True,,,False,0,0,False,False,,1342,223571,"[1, 3, 6, 0, 2, 8, 4, 7, 5]",loop
237,2,6,2,1,-1,True,False,,,False,0,0,False,True,,1269,224840,"[1, 3, 6, 0, 2, 8, 4, 7, 5]",loop
238,8,8,5,1,-1,False,True,,,True,0,0,True,True,,,225194,"[1, 3, 6, 0, 2, 8, 4, 7, 5]",loop
239,2,2,4,1,-1,False,True,,,True,0,0,False,True,,923,226117,"[1, 3, 6, 0, 2, 8, 4, 7, 5]",loop
240,0,0,3,1,-1,False,True,,,False,0,0,False,False,,1489,227606,"[1, 3, 6, 0, 2, 8, 4, 7, 5]",loop
241,6,4,6,1,-1,False,False,,,False,0,0,False,False,,1265,228871,"[1, 3, 6, 0, 2, 8, 4, 7, 5]",loop
242,0,1,0,1,-1,False,False,,,True,0,0,True,False,,,229077,"[1, 3, 6, 0, 2, 8, 4, 7, 5]",loop
243,0,4,6,1,-1,False,False,,,True,0,0,True,True,,,229657,"[1, 3, 6, 0, 2, 8, 4, 7, 5]",loop
244,0,0,3,1,-1,False,True,,,True,0,0,True,False,,,229660,"[1, 3, 6, 0, 2, 8, 4, 7, 5]",loop
245,6,4,6,1,-1,False,False,,,True,0,0,False,False,,22,229682,"[1, 3, 6, 0, 2, 8, 4, 7, 5]",loop
246,0,4,6,1,-1,False,False,,,True,0,0,True,True,,,229931,"[1, 3, 6, 0, 2, 8, 4, 7, 5]",loop
247,0,0,3,1,-1,False,True,,,True,0,0,True,True,,,230279,"[1, 3, 6, 0, 2, 8, 4, 7, 5]",loop
248,6,6,2,1,-1,False,True,,,True,0,0,False,True,,491,230770,"[1, 3, 6, 0, 2, 8, 4, 7, 5]",loop
249,3,3,1,1,-1,False,True,,,False,0,0,False,True,,1202,231972,"[1, 3, 6, 0, 2, 8, 4, 7, 5]",loop
250,1,1,0,1,-1,False,True,,,False,0,0,False,False,,1335,233307,"[1, 3, 6, 0, 2, 8, 4, 7, 5]",loop
251,5,6,2,1,-1,False,False,,,False,0,0,False,True,,1283,234590,"[1, 3, 6, 0, 2, 8, 4, 7, 5]",loop
252,1,1,0,1,-1,False,True,,,True,0,0,True,True,,,234977,"[1, 3, 6, 0, 2, 8, 4, 7, 5]",loop
253,5,5,8,1,-1,False,True,,,True,0,0,False,True,,925,235902,"[1, 3, 6, 0, 2, 8, 4, 7, 5]",loop
254,7,7,7,1,-1,True,True,,,False,0,0,False,False,,669,236571,"[1, 3, 6, 0, 2, 8, 4, 7, 5]",loop
255,6,4,1,0,-1,False,False,,,False,1,0,False,False,,1492,238063,"[8, 4, 2, 5, 7, 0, 6, 1, 3]",loop
256,6,8,0,0,-1,False,False,,,True,1,0,True,True,,,238438,"[8, 4, 2, 5, 7, 0, 6, 1, 3]",loop
257,6,6,6,0,-1,False,True,,,True,1,0,True,False,,,238826,"[8, 4, 2, 5, 7, 0, 6, 1, 3]",loop
258,0,4,1,0,-1,False,False,,,False,1,0,False,True,,1138,239964,"[8, 4, 2, 5, 7, 0, 6, 1, 3]",loop
259,0,0,5,0,-1,False,True,,,True,1,0,True,True,,,240377,"[8, 4, 2, 5, 7, 0, 6, 1, 3]",loop
260,7,7,4,0,-1,False,True,,,False,1,0,False,True,,1729,242106,"[8, 4, 2, 5, 7, 0, 6, 1, 3]",loop
261,5,5,3,0,-1,False,True,,,False,1,0,False,False,,1111,243217,"[8, 4, 2, 5, 7, 0, 6, 1, 3]",loop
262,2,5,3,0,-1,False,False,,,False,1,0,False,False,,3132,246349,"[8, 4, 2, 5, 7, 0, 6, 1, 3]",loop
263,2,7,4,0,-1,False,False,,,True,1,0,True,False,,,246770,"[8, 4, 2, 5, 7, 0, 6, 1, 3]",loop
264,5,2,2,0,-1,False,False,,,True,1,0,True,False,,,247356,"[8, 4, 2, 5, 7, 0, 6, 1, 3]",loop
265,5,4,1,0,-1,False,False,,,True,1,0,True,True,,,247805,"[8, 4, 2, 5, 7, 0, 6, 1, 3]",loop
266,5,5,3,0,-1,False,True,,,True,1,0,True,True,,,248512,"[8, 4, 2, 5, 7, 0, 6, 1, 3]",loop
267,2,2,2,0,-1,False,True,,,True,1,0,False,True,,760,249272,"[8, 4, 2, 5, 7, 0, 6, 1, 3]",loop
268,4,4,1,0,-1,False,True,,,False,1,0,False,True,,1341,250613,"[8, 4, 2, 5, 7, 0, 6, 1, 3]",loop
269,8,8,0,0,-1,False,True,,,False,1,0,False,False,,1297,251910,"[8, 4, 2, 5, 7, 0, 6, 1, 3]",loop
270,3,8,0,0,-1,False,False,,,False,1,0,False,True,,168,252078,"[8, 4, 2, 5, 7, 0, 6, 1, 3]",loop
271,3,3,8,0,-1,False,True,,,True,1,0,True,False,,,253443,"[8, 4, 2, 5, 7, 0, 6, 1, 3]",loop
272,1,3,8,0,-1,False,False,,,False,1,0,False,True,,1115,254558,"[8, 4, 2, 5, 7, 0, 6, 1, 3]",loop
273,1,1,7,0,-1,False,True,,,True,1,0,True,True,,,254853,"[8, 4, 2, 5, 7, 0, 6, 1, 3]",loop
274,6,6,6,0,-1,True,True,,,False,1,0,False,True,,1424,256277,"[8, 4, 2, 5, 7, 0, 6, 1, 3]",loop
275,0,0,5,0,-1,False,True,,,False,1,0,False,False,,1528,257805,"[8, 4, 2, 5, 7, 0, 6, 1, 3]",loop
276,7,8,0,0,-1,False,False,,,False,1,0,False,False,,1745,259550,"[8, 4, 2, 5, 7, 0, 6, 1, 3]",loop
277,0,2,2,0,-1,False,False,,,True,1,0,True,True,,,260204,"[8, 4, 2, 5, 7, 0, 6, 1, 3]",loop
278,0,0,5,0,-1,False,True,,,True,1,0,True,False,,,260528,"[8, 4, 2, 5, 7, 0, 6, 1, 3]",loop
279,7,4,1,0,-1,False,False,,,True,1,0,False,True,,438,260966,"[8, 4, 2, 5, 7, 0, 6, 1, 3]",loop
280,0,0,5,0,-1,False,True,,,True,1,0,True,False,,,261319,"[8, 4, 2, 5, 7, 0, 6, 1, 3]",loop
281,7,4,1,0,-1,False,False,,,True,1,0,False,True,,411,261730,"[8, 4, 2, 5, 7, 0, 6, 1, 3]",loop
282,7,7,4,0,-1,False,True,,,True,1,0,True,True,,,262155,"[8, 4, 2, 5, 7, 0, 6, 1, 3]",loop
283,5,5,3,0,-1,False,True,,,False,1,0,False,True,,1424,263579,"[8, 4, 2, 5, 7, 0, 6, 1, 3]",loop
284,2,2,2,0,-1,False,True,,,False,1,0,False,False,,344,263923,"[8, 4, 2, 5, 7, 0, 6, 1, 3]",loop
285,4,2,2,0,-1,False,False,,,False,1,0,False,False,,830,264753,"[8, 4, 2, 5, 7, 0, 6, 1, 3]",loop
286,4,0,5,0,-1,False,False,,,True,1,0,True,False,,,265495,"[8, 4, 2, 5, 7, 0, 6, 1, 3]",loop
287,2,4,1,0,-1,False,False,,,True,1,0,True,True,,,266014,"[8, 4, 2, 5, 7, 0, 6, 1, 3]",loop
288,2,2,2,0,-1,False,True,,,True,1,0,True,False,,,267301,"[8, 4, 2, 5, 7, 0, 6, 1, 3]",loop
289,4,0,5,0,-1,False,False,,,True,1,0,False,True,,301,267602,"[8, 4, 2, 5, 7, 0, 6, 1, 3]",loop
290,2,2,2,0,-1,False,True,,,True,1,0,True,False,,,268095,"[8, 4, 2, 5, 7, 0, 6, 1, 3]",loop
291,4,0,5,0,-1,False,False,,,True,1,0,False,True,,317,268412,"[8, 4, 2, 5, 7, 0, 6, 1, 3]",loop
292,4,4,1,0,-1,False,True,,,True,1,0,True,True,,,268780,"[8, 4, 2, 5, 7, 0, 6, 1, 3]",loop
293,8,8,0,0,-1,False,True,,,False,1,0,False,False,,1184,269964,"[8, 4, 2, 5, 7, 0, 6, 1, 3]",loop
294,3,8,0,0,-1,True,False,,,False,1,0,False,False,,203,270167,"[8, 4, 2, 5, 7, 0, 6, 1, 3]",loop
295,3,4,1,0,-1,True,False,,,True,1,0,True,True,,,271259,"[8, 4, 2, 5, 7, 0, 6, 1, 3]",loop
296,8,8,0,0,-1,False,True,,,True,1,0,True,True,,,271618,"[8, 4, 2, 5, 7, 0, 6, 1, 3]",loop
297,3,3,8,0,-1,False,True,,,True,1,0,False,False,,1578,273196,"[8, 4, 2, 5, 7, 0, 6, 1, 3]",loop
298,1,3,8,0,-1,False,False,,,False,1,0,False,False,,963,274159,"[8, 4, 2, 5, 7, 0, 6, 1, 3]",loop
299,1,6,6,0,-1,False,False,,,True,1,0,True,True,,,274619,"[8, 4, 2, 5, 7, 0, 6, 1, 3]",loop
300,3,3,8,0,-1,False,True,,,True,1,0,True,True,,,274980,"[8, 4, 2, 5, 7, 0, 6, 1, 3]",loop
301,1,1,7,0,-1,False,True,,,True,1,0,False,True,,334,275314,"[8, 4, 2, 5, 7, 0, 6, 1, 3]",loop
302,6,6,6,0,-1,False,True,,,False,1,0,False,False,,1222,276536,"[8, 4, 2, 5, 7, 0, 6, 1, 3]",loop
303,0,6,6,0,-1,False,False,,,False,1,0,False,True,,135,276671,"[8, 4, 2, 5, 7, 0, 6, 1, 3]",loop
304,0,0,5,0,-1,False,True,,,True,1,0,True,False,,,278138,"[8, 4, 2, 5, 7, 0, 6, 1, 3]",loop
305,7,8,0,0,-1,False,False,,,False,1,0,False,False,,1683,279821,"[8, 4, 2, 5, 7, 0, 6, 1, 3]",loop
306,0,2,2,0,-1,False,False,,,True,1,0,True,True,,,280495,"[8, 4, 2, 5, 7, 0, 6, 1, 3]",loop
307,0,0,5,0,-1,False,True,,,True,1,0,True,True,,,280848,"[8, 4, 2, 5, 7, 0, 6, 1, 3]",loop
308,7,7,4,0,-1,False,True,,,True,1,0,False,True,,568,281416,"[8, 4, 2, 5, 7, 0, 6, 1, 3]",loop
309,5,5,3,0,-1,False,True,,,False,1,0,False,False,,1356,282772,"[8, 4, 2, 5, 7, 0, 6, 1, 3]",loop
310,2,7,4,0,-1,False,False,,,False,1,0,False,False,,1788,284560,"[8, 4, 2, 5, 7, 0, 6, 1, 3]",loop
311,5,2,2,0,-1,False,False,,,True,1,0,True,True,,,285292,"[8, 4, 2, 5, 7, 0, 6, 1, 3]",loop
312,5,5,3,0,-1,False,True,,,True,1,0,True,False,,,285607,"[8, 4, 2, 5, 7, 0, 6, 1, 3]",loop
313,2,7,4,0,-1,False,False,,,True,1,0,False,False,,375,285982,"[8, 4, 2, 5, 7, 0, 6, 1, 3]",loop
314,5,2,2,0,-1,False,False,,,True,1,0,True,True,,,286522,"[8, 4, 2, 5, 7, 0, 6, 1, 3]",loop
315,5,5,3,0,-1,False,True,,,True,1,0,True,False,,,286894,"[8, 4, 2, 5, 7, 0, 6, 1, 3]",loop
316,2,0,5,0,-1,False,False,,,True,1,0,False,True,,1350,288244,"[8, 4, 2, 5, 7, 0, 6, 1, 3]",loop
317,2,2,2,0,-1,False,True,,,True,1,0,True,True,,,288655,"[8, 4, 2, 5, 7, 0, 6, 1, 3]",loop
318,4,4,1,0,-1,False,True,,,False,1,0,False,False,,1282,289937,"[8, 4, 2, 5, 7, 0, 6, 1, 3]",loop
319,8,4,1,0,-1,False,False,,,False,1,0,False,False,,74,290011,"[8, 4, 2, 5, 7, 0, 6, 1, 3]",loop
320,8,4,1,0,-1,False,False,,,True,1,0,True,True,,,290039,"[8, 4, 2, 5, 7, 0, 6, 1, 3]",loop
321,8,8,0,0,-1,False,True,,,True,1,0,True,False,,,291356,"[8, 4, 2, 5, 7, 0, 6, 1, 3]",loop
322,3,8,0,0,-1,True,False,,,False,1,0,False,False,,163,291519,"[8, 4, 2, 5, 7, 0, 6, 1, 3]",loop
323,3,1,7,0,-1,True,False,,,True,1,0,True,False,,,293309,"[8, 4, 2, 5, 7, 0, 6, 1, 3]",loop
324,8,0,5,0,-1,False,False,,,True,1,0,True,False,,,294161,"[8, 4, 2, 5, 7, 0, 6, 1, 3]",loop
325,8,4,1,0,-1,False,False,,,True,1,0,True,False,,,295099,"[8, 4, 2, 5, 7, 0, 6, 1, 3]",loop
326,8,6,6,0,-1,False,False,,,True,1,0,True,True,,,295606,"[8, 4, 2, 5, 7, 0, 6, 1, 3]",loop
327,8,8,0,0,-1,False,True,,,True,1,0,True,True,,,296320,"[8, 4, 2, 5, 7, 0, 6, 1, 3]",loop
328,3,3,8,0,-1,False,True,,,True,1,0,False,True,,697,297017,"[8, 4, 2, 5, 7, 0, 6, 1, 3]",loop
329,1,1,7,0,-1,False,True,,,False,1,0,False,True,,1137,298154,"[8, 4, 2, 5, 7, 0, 6, 1, 3]",loop
330,6,6,6,0,-1,False,True,,,False,1,0,False,True,,1556,299710,"[8, 4, 2, 5, 7, 0, 6, 1, 3]",loop
331,0,0,5,0,-1,False,True,,,False,1,0,False,False,,1286,300996,"[8, 4, 2, 5, 7, 0, 6, 1, 3]",loop
332,7,8,0,0,-1,False,False,,,False,1,0,False,False,,1783,302779,"[8, 4, 2, 5, 7, 0, 6, 1, 3]",loop
333,0,2,2,0,-1,False,False,,,True,1,0,True,True,,,303759,"[8, 4, 2, 5, 7, 0, 6, 1, 3]",loop
334,0,0,5,0,-1,False,True,,,True,1,0,True,False,,,304056,"[8, 4, 2, 5, 7, 0, 6, 1, 3]",loop
335,7,4,1,0,-1,False,False,,,True,1,0,False,True,,316,304372,"[8, 4, 2, 5, 7, 0, 6, 1, 3]",loop
336,0,0,5,0,-1,False,True,,,True,1,0,True,True,,,304756,"[8, 4, 2, 5, 7, 0, 6, 1, 3]",loop
337,7,7,4,0,-1,False,True,,,True,1,0,False,True,,768,305524,"[8, 4, 2, 5, 7, 0, 6, 1, 3]",loop
338,5,5,3,0,-1,False,True,,,False,1,0,False,False,,1575,307099,"[8, 4, 2, 5, 7, 0, 6, 1, 3]",loop
339,2,7,4,0,-1,False,False,,,False,1,0,False,False,,1749,308848,"[8, 4, 2, 5, 7, 0, 6, 1, 3]",loop
340,5,2,2,0,-1,False,False,,,True,1,0,True,False,,,309348,"[8, 4, 2, 5, 7, 0, 6, 1, 3]",loop
341,5,4,1,0,-1,False,False,,,True,1,0,True,False,,,309701,"[8, 4, 2, 5, 7, 0, 6, 1, 3]",loop
342,5,7,4,0,-1,False,False,,,True,1,0,True,True,,,310223,"[8, 4, 2, 5, 7, 0, 6, 1, 3]",loop
343,5,5,3,0,-1,False,True,,,True,1,0,True,True,,,310519,"[8, 4, 2, 5, 7, 0, 6, 1, 3]",loop
344,2,2,2,0,-1,False,True,,,True,1,0,False,False,,322,310841,"[8, 4, 2, 5, 7, 0, 6, 1, 3]",loop
345,4,0,5,0,-1,False,False,,,False,1,0,False,True,,1461,312302,"[8, 4, 2, 5, 7, 0, 6, 1, 3]",loop
346,2,2,2,0,-1,False,True,,,True,1,0,True,False,,,312933,"[8, 4, 2, 5, 7, 0, 6, 1, 3]",loop
347,4,0,5,0,-1,False,False,,,True,1,0,False,False,,362,313295,"[8, 4, 2, 5, 7, 0, 6, 1, 3]",loop
348,2,8,0,0,-1,False,False,,,True,1,0,True,True,,,313942,"[8, 4, 2, 5, 7, 0, 6, 1, 3]",loop
349,2,2,2,0,-1,False,True,,,True,1,0,True,False,,,314398,"[8, 4, 2, 5, 7, 0, 6, 1, 3]",loop
350,4,0,5,0,-1,False,False,,,True,1,0,False,True,,348,314746,"[8, 4, 2, 5, 7, 0, 6, 1, 3]",loop
351,4,4,1,0,-1,False,True,,,True,1,0,True,False,,,315040,"[8, 4, 2, 5, 7, 0, 6, 1, 3]",loop
352,8,4,1,0,-1,True,False,,,False,1,0,False,True,,209,315249,"[8, 4, 2, 5, 7, 0, 6, 1, 3]",loop
353,8,8,0,0,-1,True,True,,,True,1,0,True,True,,,316680,"[8, 4, 2, 5, 7, 0, 6, 1, 3]",loop
354,4,4,1,0,1,False,True,,,False,1,0,False,True,,1151,317831,"[8, 4, 2, 5, 7, 0, 6, 1, 3]",loop
355,2,2,2,0,1,False,True,,,False,1,0,False,False,,4739,322570,"[8, 4, 2, 5, 7, 0, 6, 1, 3]",loop
356,5,2,2,0,1,False,False,,,False,1,0,False,True,,165,322735,"[8, 4, 2, 5, 7, 0, 6, 1, 3]",loop
357,5,5,3,0,1,False,True,,,True,1,0,True,True,,,323714,"[8, 4, 2, 5, 7, 0, 6, 1, 3]",loop
358,7,7,4,0,1,False,True,,,False,1,0,False,False,,1599,325313,"[8, 4, 2, 5, 7, 0, 6, 1, 3]",loop
359,0,4,1,0,1,False,False,,,False,1,0,False,False,,1379,326692,"[8, 4, 2, 5, 7, 0, 6, 1, 3]",loop
360,7,0,5,0,1,False,False,,,True,1,0,True,False,,,326976,"[8, 4, 2, 5, 7, 0, 6, 1, 3]",loop
361,7,0,5,0,1,False,False,,,True,1,0,True,True,,,327402,"[8, 4, 2, 5, 7, 0, 6, 1, 3]",loop
362,7,7,4,0,1,False,True,,,True,1,0,True,False,,,330519,"[8, 4, 2, 5, 7, 0, 6, 1, 3]",loop
363,0,4,1,0,1,False,False,,,True,1,0,False,False,,655,331174,"[8, 4, 2, 5, 7, 0, 6, 1, 3]",loop
364,7,0,5,0,1,False,False,,,True,1,0,True,True,,,331695,"[8, 4, 2, 5, 7, 0, 6, 1, 3]",loop
365,7,7,4,0,1,False,True,,,True,1,0,True,True,,,351240,"[8, 4, 2, 5, 7, 0, 6, 1, 3]",loop
366,0,0,5,0,1,False,True,,,True,1,0,False,False,,612,351852,"[8, 4, 2, 5, 7, 0, 6, 1, 3]",loop
367,6,4,1,0,1,False,False,,,False,1,0,False,False,,297,352149,"[8, 4, 2, 5, 7, 0, 6, 1, 3]",loop
368,0,4,1,0,1,False,False,,,True,1,0,True,True,,,353116,"[8, 4, 2, 5, 7, 0, 6, 1, 3]",loop
369,0,0,5,0,1,False,True,,,True,1,0,True,True,,,353370,"[8, 4, 2, 5, 7, 0, 6, 1, 3]",loop
370,6,6,6,0,1,False,True,,,True,1,0,False,False,,581,353951,"[8, 4, 2, 5, 7, 0, 6, 1, 3]",loop
371,1,8,0,0,1,False,False,,,False,1,0,False,True,,1296,355247,"[8, 4, 2, 5, 7, 0, 6, 1, 3]",loop
372,6,6,6,0,1,False,True,,,True,1,0,True,False,,,355634,"[8, 4, 2, 5, 7, 0, 6, 1, 3]",loop
373,1,4,1,0,1,False,False,,,True,1,0,False,False,,373,356007,"[8, 4, 2, 5, 7, 0, 6, 1, 3]",loop
374,6,4,1,0,1,False,False,,,True,1,0,True,True,,,356278,"[8, 4, 2, 5, 7, 0, 6, 1, 3]",loop
375,6,6,6,0,1,False,True,,,True,1,0,True,True,,,356532,"[8, 4, 2, 5, 7, 0, 6, 1, 3]",loop
376,1,1,7,0,1,False,True,,,True,1,0,False,True,,360,356892,"[8, 4, 2, 5, 7, 0, 6, 1, 3]",loop
377,3,3,8,0,1,False,True,,,False,1,0,False,False,,1343,358235,"[8, 4, 2, 5, 7, 0, 6, 1, 3]",loop
378,8,3,8,0,1,False,False,,,False,1,0,False,False,,171,358406,"[8, 4, 2, 5, 7, 0, 6, 1, 3]",loop
379,8,6,6,0,1,False,False,,,True,1,0,True,True,,,360293,"[8, 4, 2, 5, 7, 0, 6, 1, 3]",loop
380,3,3,8,0,1,False,True,,,True,1,0,True,False,,,360703,"[8, 4, 2, 5, 7, 0, 6, 1, 3]",loop
381,8,4,1,0,1,False,False,,,True,1,0,False,True,,924,361627,"[8, 4, 2, 5, 7, 0, 6, 1, 3]",loop
382,3,3,8,0,1,False,True,,,True,1,0,True,False,,,362178,"[8, 4, 2, 5, 7, 0, 6, 1, 3]",loop
383,8,6,6,0,1,False,False,,,True,1,0,False,False,,348,362526,"[8, 4, 2, 5, 7, 0, 6, 1, 3]",loop
384,8,1,7,0,1,False,False,,,True,1,0,True,False,,,362787,"[8, 4, 2, 5, 7, 0, 6, 1, 3]",loop
385,8,0,5,0,1,False,False,,,True,1,0,True,False,,,363107,"[8, 4, 2, 5, 7, 0, 6, 1, 3]",loop
386,8,4,1,0,1,False,False,,,True,1,0,True,False,,,363454,"[8, 4, 2, 5, 7, 0, 6, 1, 3]",loop
387,8,6,6,0,1,False,False,,,True,1,0,True,False,,,363960,"[8, 4, 2, 5, 7, 0, 6, 1, 3]",loop
388,8,4,1,0,1,False,False,,,True,1,0,True,True,,,364352,"[8, 4, 2, 5, 7, 0, 6, 1, 3]",loop
389,8,8,0,0,1,False,True,,,True,1,0,True,True,,,364781,"[8, 4, 2, 5, 7, 0, 6, 1, 3]",loop
390,4,4,1,0,1,False,True,,,False,1,0,False,True,,952,365733,"[8, 4, 2, 5, 7, 0, 6, 1, 3]",loop
391,2,2,2,0,1,False,True,,,False,1,0,False,True,,2002,367735,"[8, 4, 2, 5, 7, 0, 6, 1, 3]",loop
392,5,5,3,0,1,False,True,,,False,1,0,False,True,,1011,368746,"[8, 4, 2, 5, 7, 0, 6, 1, 3]",loop
393,7,7,4,0,1,False,True,,,False,1,0,False,True,,1551,370297,"[8, 4, 2, 5, 7, 0, 6, 1, 3]",loop
394,0,0,5,0,1,False,True,,,False,1,0,False,False,,1509,371806,"[8, 4, 2, 5, 7, 0, 6, 1, 3]",loop
395,6,4,1,0,1,True,False,,,False,1,0,False,False,,1385,373191,"[8, 4, 2, 5, 7, 0, 6, 1, 3]",loop
396,0,6,6,0,1,False,False,,,True,1,0,True,False,,,373389,"[8, 4, 2, 5, 7, 0, 6, 1, 3]",loop
397,0,1,7,0,1,False,False,,,True,1,0,True,True,,,373743,"[8, 4, 2, 5, 7, 0, 6, 1, 3]",loop
398,0,0,5,0,1,False,True,,,True,1,0,True,True,,,374183,"[8, 4, 2, 5, 7, 0, 6, 1, 3]",loop
399,6,6,6,0,1,False,True,,,True,1,0,False,True,,2677,376860,"[8, 4, 2, 5, 7, 0, 6, 1, 3]",loop
400,1,1,7,0,1,False,True,,,False,1,0,False,True,,954,377814,"[8, 4, 2, 5, 7, 0, 6, 1, 3]",loop
401,3,3,8,0,1,False,True,,,False,1,0,False,False,,1190,379004,"[8, 4, 2, 5, 7, 0, 6, 1, 3]",loop
402,8,6,6,0,1,True,False,,,False,1,0,False,True,,1384,380388,"[8, 4, 2, 5, 7, 0, 6, 1, 3]",loop
403,3,3,8,0,1,False,True,,,True,1,0,True,False,,,381092,"[8, 4, 2, 5, 7, 0, 6, 1, 3]",loop
404,8,6,6,0,1,False,False,,,True,1,0,False,False,,495,381587,"[8, 4, 2, 5, 7, 0, 6, 1, 3]",loop
405,3,4,1,0,1,False,False,,,True,1,0,True,False,,,381982,"[8, 4, 2, 5, 7, 0, 6, 1, 3]",loop
406,3,1,7,0,1,False,False,,,True,1,0,True,True,,,382310,"[8, 4, 2, 5, 7, 0, 6, 1, 3]",loop
407,3,3,8,0,1,False,True,,,True,1,0,True,False,,,382646,"[8, 4, 2, 5, 7, 0, 6, 1, 3]",loop
408,8,6,6,0,1,False,False,,,True,1,0,False,False,,351,382997,"[8, 4, 2, 5, 7, 0, 6, 1, 3]",loop
409,8,1,7,0,1,False,False,,,True,1,0,True,False,,,383275,"[8, 4, 2, 5, 7, 0, 6, 1, 3]",loop
410,8,4,1,0,1,False,False,,,True,1,0,True,True,,,383648,"[8, 4, 2, 5, 7, 0, 6, 1, 3]",loop
411,8,8,0,0,1,False,True,,,True,1,0,True,False,,,384077,"[8, 4, 2, 5, 7, 0, 6, 1, 3]",loop
412,3,4,1,0,-1,False,False,,,False,1,0,False,True,,954,385031,"[8, 4, 2, 5, 7, 0, 6, 1, 3]",loop
413,8,8,0,0,1,False,True,,,True,1,0,True,False,,,385358,"[8, 4, 2, 5, 7, 0, 6, 1, 3]",loop
414,3,7,4,0,-1,False,False,,,True,1,0,False,True,,341,385699,"[8, 4, 2, 5, 7, 0, 6, 1, 3]",loop
415,8,8,0,0,1,False,True,,,True,1,0,True,True,,,386485,"[8, 4, 2, 5, 7, 0, 6, 1, 3]",loop
416,3,3,8,0,-1,False,True,,,True,1,0,False,True,,26995,413480,"[8, 4, 2, 5, 7, 0, 6, 1, 3]",loop
417,1,1,7,0,-1,False,True,,,False,1,0,False,True,,1083,414563,"[8, 4, 2, 5, 7, 0, 6, 1, 3]",loop
418,6,6,6,0,-1,False,True,,,False,1,0,False,False,,1372,415935,"[8, 4, 2, 5, 7, 0, 6, 1, 3]",loop
419,0,4,1,0,-1,False,False,,,False,1,0,False,False,,1031,416966,"[8, 4, 2, 5, 7, 0, 6, 1, 3]",loop
420,6,0,5,0,-1,False,False,,,True,1,0,True,False,,,417273,"[8, 4, 2, 5, 7, 0, 6, 1, 3]",loop
421,6,1,7,0,-1,False,False,,,True,1,0,True,False,,,418135,"[8, 4, 2, 5, 7, 0, 6, 1, 3]",loop
422,6,1,7,0,-1,False,False,,,True,1,0,True,False,,,418288,"[8, 4, 2, 5, 7, 0, 6, 1, 3]",loop
423,6,1,7,0,-1,False,False,,,True,1,0,True,False,,,418676,"[8, 4, 2, 5, 7, 0, 6, 1, 3]",loop
424,6,1,7,0,-1,False,False,,,True,1,0,True,True,,,419086,"[8, 4, 2, 5, 7, 0, 6, 1, 3]",loop
425,6,6,6,0,-1,False,True,,,True,1,0,True,True,,,419469,"[8, 4, 2, 5, 7, 0, 6, 1, 3]",loop
426,0,0,5,0,-1,False,True,,,True,1,0,False,False,,498,419967,"[8, 4, 2, 5, 7, 0, 6, 1, 3]",loop
427,7,8,0,0,-1,False,False,,,False,1,0,False,False,,1294,421261,"[8, 4, 2, 5, 7, 0, 6, 1, 3]",loop
428,0,4,1,0,-1,False,False,,,True,1,0,True,False,,,421699,"[8, 4, 2, 5, 7, 0, 6, 1, 3]",loop
429,0,7,4,0,-1,False,False,,,True,1,0,True,True,,,421839,"[8, 4, 2, 5, 7, 0, 6, 1, 3]",loop
430,0,0,5,0,-1,False,True,,,True,1,0,True,False,,,422338,"[8, 4, 2, 5, 7, 0, 6, 1, 3]",loop
431,7,0,5,0,-1,False,False,,,True,1,0,False,True,,140,422478,"[8, 4, 2, 5, 7, 0, 6, 1, 3]",loop
432,7,7,4,0,-1,False,True,,,True,1,0,True,True,,,422927,"[8, 4, 2, 5, 7, 0, 6, 1, 3]",loop
433,5,5,3,0,-1,False,True,,,False,1,0,False,False,,1207,424134,"[8, 4, 2, 5, 7, 0, 6, 1, 3]",loop
434,2,7,4,0,-1,False,False,,,False,1,0,False,False,,1503,425637,"[8, 4, 2, 5, 7, 0, 6, 1, 3]",loop
435,5,7,4,0,-1,False,False,,,True,1,0,True,False,,,425758,"[8, 4, 2, 5, 7, 0, 6, 1, 3]",loop
436,5,2,2,0,-1,False,False,,,True,1,0,True,True,,,426155,"[8, 4, 2, 5, 7, 0, 6, 1, 3]",loop
437,5,5,3,0,-1,False,True,,,True,1,0,True,False,,,426798,"[8, 4, 2, 5, 7, 0, 6, 1, 3]",loop
438,2,5,3,0,-1,False,False,,,True,1,0,False,False,,399,427197,"[8, 4, 2, 5, 7, 0, 6, 1, 3]",loop
439,2,7,4,0,-1,False,False,,,True,1,0,True,False,,,427549,"[8, 4, 2, 5, 7, 0, 6, 1, 3]",loop
440,5,2,2,0,-1,False,False,,,True,1,0,True,True,,,427933,"[8, 4, 2, 5, 7, 0, 6, 1, 3]",loop
441,5,5,3,0,-1,False,True,,,True,1,0,True,True,,,428164,"[8, 4, 2, 5, 7, 0, 6, 1, 3]",loop
442,2,2,2,0,-1,False,True,,,True,1,0,False,True,,384,428548,"[8, 4, 2, 5, 7, 0, 6, 1, 3]",loop
443,4,4,1,0,-1,False,True,,,False,1,0,False,True,,1960,430508,"[8, 4, 2, 5, 7, 0, 6, 1, 3]",loop
444,8,8,0,0,-1,False,True,,,False,1,0,False,True,,1316,431824,"[8, 4, 2, 5, 7, 0, 6, 1, 3]",loop
445,3,3,8,0,-1,False,True,,,False,1,0,False,False,,1259,433083,"[8, 4, 2, 5, 7, 0, 6, 1, 3]",loop
446,1,3,8,0,-1,False,False,,,False,1,0,False,True,,797,433880,"[8, 4, 2, 5, 7, 0, 6, 1, 3]",loop
447,1,1,7,0,-1,False,True,,,True,1,0,True,True,,,434084,"[8, 4, 2, 5, 7, 0, 6, 1, 3]",loop
448,6,6,6,0,-1,True,True,,,False,1,0,False,False,,1215,435299,"[8, 4, 2, 5, 7, 0, 6, 1, 3]",loop
449,0,1,7,0,-1,False,False,,,False,1,0,False,False,,1288,436587,"[8, 4, 2, 5, 7, 0, 6, 1, 3]",loop
450,6,4,1,0,-1,False,False,,,True,1,0,True,False,,,436886,"[8, 4, 2, 5, 7, 0, 6, 1, 3]",loop
451,6,1,7,0,-1,False,False,,,True,1,0,True,True,,,437299,"[8, 4, 2, 5, 7, 0, 6, 1, 3]",loop
452,6,6,6,0,-1,False,True,,,True,1,0,True,True,,,437650,"[8, 4, 2, 5, 7, 0, 6, 1, 3]",loop
453,0,0,5,0,-1,False,True,,,True,1,0,False,True,,386,438036,"[8, 4, 2, 5, 7, 0, 6, 1, 3]",loop
454,7,7,4,0,-1,False,True,,,False,1,0,False,True,,1179,439215,"[8, 4, 2, 5, 7, 0, 6, 1, 3]",loop
455,5,5,3,0,-1,False,True,,,False,1,0,False,False,,1164,440379,"[8, 4, 2, 5, 7, 0, 6, 1, 3]",loop
456,2,5,3,0,-1,False,False,,,False,1,0,False,False,,1589,441968,"[8, 4, 2, 5, 7, 0, 6, 1, 3]",loop
457,2,7,4,0,-1,False,False,,,True,1,0,True,True,,,442338,"[8, 4, 2, 5, 7, 0, 6, 1, 3]",loop
458,5,5,3,0,-1,False,True,,,True,1,0,True,True,,,442801,"[8, 4, 2, 5, 7, 0, 6, 1, 3]",loop
459,2,2,2,0,-1,False,True,,,True,1,0,False,True,,334,443135,"[8, 4, 2, 5, 7, 0, 6, 1, 3]",loop
460,4,4,1,0,-1,False,True,,,False,1,0,False,False,,1358,444493,"[8, 4, 2, 5, 7, 0, 6, 1, 3]",loop
461,8,0,5,0,-1,False,False,,,False,1,0,False,False,,1264,445757,"[8, 4, 2, 5, 7, 0, 6, 1, 3]",loop
462,4,0,5,0,-1,False,False,,,True,1,0,True,False,,,446031,"[8, 4, 2, 5, 7, 0, 6, 1, 3]",loop
463,4,0,5,0,-1,False,False,,,True,1,0,True,True,,,446940,"[8, 4, 2, 5, 7, 0, 6, 1, 3]",loop
464,4,4,1,0,-1,False,True,,,True,1,0,True,False,,,447234,"[8, 4, 2, 5, 7, 0, 6, 1, 3]",loop
465,8,0,5,0,-1,False,False,,,True,1,0,False,True,,501,447735,"[8, 4, 2, 5, 7, 0, 6, 1, 3]",loop
466,4,4,1,0,-1,False,True,,,True,1,0,True,True,,,448312,"[8, 4, 2, 5, 7, 0, 6, 1, 3]",loop
467,8,8,0,0,-1,False,True,,,True,1,0,False,False,,343,448655,"[8, 4, 2, 5, 7, 0, 6, 1, 3]",loop
468,3,4,1,0,-1,True,False,,,False,1,0,False,True,,847,449502,"[8, 4, 2, 5, 7, 0, 6, 1, 3]",loop
469,8,8,0,0,-1,False,True,,,True,1,0,True,False,,,449901,"[8, 4, 2, 5, 7, 0, 6, 1, 3]",loop
470,3,8,0,0,-1,False,False,,,True,1,0,False,True,,159,450060,"[8, 4, 2, 5, 7, 0, 6, 1, 3]",loop
471,3,3,8,0,-1,False,True,,,True,1,0,True,False,,,450594,"[8, 4, 2, 5, 7, 0, 6, 1, 3]",loop
472,1,3,8,0,-1,False,False,,,False,1,0,False,False,,1059,451653,"[8, 4, 2, 5, 7, 0, 6, 1, 3]",loop
473,1,6,6,0,-1,False,False,,,True,1,0,True,True,,,452190,"[8, 4, 2, 5, 7, 0, 6, 1, 3]",loop
474,3,3,8,0,-1,False,True,,,True,1,0,True,True,,,452534,"[8, 4, 2, 5, 7, 0, 6, 1, 3]",loop
475,1,1,7,0,-1,False,True,,,True,1,0,False,False,,237,452771,"[8, 4, 2, 5, 7, 0, 6, 1, 3]",loop
476,6,1,7,0,-1,False,False,,,False,1,0,False,False,,1171,453942,"[8, 4, 2, 5, 7, 0, 6, 1, 3]",loop
477,6,3,8,0,-1,False,False,,,True,1,0,True,True,,,454328,"[8, 4, 2, 5, 7, 0, 6, 1, 3]",loop
478,1,1,7,0,-1,False,True,,,True,1,0,True,True,,,454635,"[8, 4, 2, 5, 7, 0, 6, 1, 3]",loop
479,6,6,6,0,-1,False,True,,,True,1,0,False,False,,360,454995,"[8, 4, 2, 5, 7, 0, 6, 1, 3]",loop
480,0,4,1,0,-1,False,False,,,False,1,0,False,False,,1289,456284,"[8, 4, 2, 5, 7, 0, 6, 1, 3]",loop
481,6,0,5,0,-1,False,False,,,True,1,0,True,False,,,456462,"[8, 4, 2, 5, 7, 0, 6, 1, 3]",loop
482,6,4,1,0,-1,False,False,,,True,1,0,True,True,,,456492,"[8, 4, 2, 5, 7, 0, 6, 1, 3]",loop
483,6,6,6,0,-1,False,True,,,True,1,0,True,True,,,457761,"[8, 4, 2, 5, 7, 0, 6, 1, 3]",loop
484,0,0,5,0,-1,False,True,,,True,1,0,False,True,,523,458284,"[8, 4, 2, 5, 7, 0, 6, 1, 3]",loop
485,7,7,4,0,-1,False,True,,,False,1,0,False,True,,1325,459609,"[8, 4, 2, 5, 7, 0, 6, 1, 3]",loop
486,5,5,3,0,-1,False,True,,,False,1,0,False,False,,1173,460782,"[8, 4, 2, 5, 7, 0, 6, 1, 3]",loop
487,2,7,4,0,-1,False,False,,,False,1,0,False,True,,1634,462416,"[8, 4, 2, 5, 7, 0, 6, 1, 3]",loop
488,5,5,3,0,-1,False,True,,,True,1,0,True,True,,,462978,"[8, 4, 2, 5, 7, 0, 6, 1, 3]",loop
489,2,2,2,0,-1,False,True,,,True,1,0,False,True,,226,463204,"[8, 4, 2, 5, 7, 0, 6, 1, 3]",loop
490,4,4,1,0,-1,False,True,,,False,1,0,False,True,,1183,464387,"[8, 4, 2, 5, 7, 0, 6, 1, 3]",loop
491,8,8,0,0,-1,False,True,,,False,1,0,False,False,,146,464533,"[8, 4, 2, 5, 7, 0, 6, 1, 3]",loop
492,3,8,0,0,-1,False,False,,,False,1,0,False,False,,920,465453,"[8, 4, 2, 5, 7, 0, 6, 1, 3]",loop
493,3,6,6,0,-1,False,False,,,True,1,0,True,False,,,467327,"[8, 4, 2, 5, 7, 0, 6, 1, 3]",loop
494,8,4,1,0,-1,False,False,,,True,1,0,True,True,,,467989,"[8, 4, 2, 5, 7, 0, 6, 1, 3]",loop
495,8,8,0,0,-1,False,True,,,True,1,0,True,True,,,468357,"[8, 4, 2, 5, 7, 0, 6, 1, 3]",loop
496,3,3,8,0,-1,False,True,,,True,1,0,False,False,,583,468940,"[8, 4, 2, 5, 7, 0, 6, 1, 3]",loop
497,1,6,6,0,-1,True,False,,,False,1,0,False,True,,1163,470103,"[8, 4, 2, 5, 7, 0, 6, 1, 3]",loop
498,3,3,8,0,-1,False,True,,,True,1,0,True,True,,,470446,"[8, 4, 2, 5, 7, 0, 6, 1, 3]",loop
499,1,1,7,0,-1,False,True,,,True,1,0,False,False,,223,470669,"[8, 4, 2, 5, 7, 0, 6, 1, 3]",loop
500,4,0,3,1,-1,False,False,,,False,2,1,False,True,,907,471576,"[1, 3, 6, 0, 2, 8, 4, 7, 5]",loop
501,4,4,6,1,-1,False,True,,,True,2,1,True,False,,,472057,"[1, 3, 6, 0, 2, 8, 4, 7, 5]",loop
502,8,4,6,1,-1,False,False,,,False,2,1,False,False,,1049,473106,"[1, 3, 6, 0, 2, 8, 4, 7, 5]",loop
503,8,4,6,1,-1,False,False,,,True,2,1,True,False,,,473228,"[1, 3, 6, 0, 2, 8, 4, 7, 5]",loop
504,8,2,4,1,-1,False,False,,,True,2,1,True,True,,,473249,"[1, 3, 6, 0, 2, 8, 4, 7, 5]",loop
505,8,8,5,1,-1,False,True,,,True,2,1,True,False,,,473844,"[1, 3, 6, 0, 2, 8, 4, 7, 5]",loop
506,2,4,6,1,-1,False,False,,,False,2,1,False,True,,1158,475002,"[1, 3, 6, 0, 2, 8, 4, 7, 5]",loop
507,8,8,5,1,-1,False,True,,,True,2,1,True,False,,,475371,"[1, 3, 6, 0, 2, 8, 4, 7, 5]",loop
508,2,4,6,1,-1,False,False,,,True,2,1,False,False,,328,475699,"[1, 3, 6, 0, 2, 8, 4, 7, 5]",loop
509,8,7,7,1,-1,False,False,,,True,2,1,True,False,,,476116,"[1, 3, 6, 0, 2, 8, 4, 7, 5]",loop
510,8,2,4,1,-1,False,False,,,True,2,1,True,False,,,476905,"[1, 3, 6, 0, 2, 8, 4, 7, 5]",loop
511,8,4,6,1,-1,False,False,,,True,2,1,True,True,,,477467,"[1, 3, 6, 0, 2, 8, 4, 7, 5]",loop
512,8,8,5,1,-1,False,True,,,True,2,1,True,False,,,477824,"[1, 3, 6, 0, 2, 8, 4, 7, 5]",loop
513,2,4,6,1,-1,False,False,,,True,2,1,False,True,,358,478182,"[1, 3, 6, 0, 2, 8, 4, 7, 5]",loop
514,2,2,4,1,-1,False,True,,,True,2,1,True,True,,,478549,"[1, 3, 6, 0, 2, 8, 4, 7, 5]",loop
515,0,0,3,1,-1,False,True,,,False,2,1,False,False,,990,479539,"[1, 3, 6, 0, 2, 8, 4, 7, 5]",loop
516,2,4,6,1,1,False,False,,,False,2,1,False,True,,1178,480717,"[1, 3, 6, 0, 2, 8, 4, 7, 5]",loop
517,0,0,3,1,-1,False,True,,,True,2,1,True,True,,,481029,"[1, 3, 6, 0, 2, 8, 4, 7, 5]",loop
518,2,2,4,1,1,False,True,,,True,2,1,False,False,,319,481348,"[1, 3, 6, 0, 2, 8, 4, 7, 5]",loop
519,8,4,6,1,1,False,False,,,False,2,1,False,True,,1382,482730,"[1, 3, 6, 0, 2, 8, 4, 7, 5]",loop
520,2,2,4,1,1,False,True,,,True,2,1,True,False,,,483185,"[1, 3, 6, 0, 2, 8, 4, 7, 5]",loop
521,8,0,3,1,1,False,False,,,True,2,1,False,True,,325,483510,"[1, 3, 6, 0, 2, 8, 4, 7, 5]",loop
522,2,2,4,1,1,False,True,,,True,2,1,True,False,,,484007,"[1, 3, 6, 0, 2, 8, 4, 7, 5]",loop
523,8,4,6,1,1,False,False,,,True,2,1,False,True,,628,484635,"[1, 3, 6, 0, 2, 8, 4, 7, 5]",loop
524,8,8,5,1,1,False,True,,,True,2,1,True,True,,,485168,"[1, 3, 6, 0, 2, 8, 4, 7, 5]",loop
525,4,4,6,1,1,False,True,,,False,2,1,False,False,,812,485980,"[1, 3, 6, 0, 2, 8, 4, 7, 5]",loop
526,7,6,2,1,1,True,False,,,False,2,1,False,True,,1983,487963,"[1, 3, 6, 0, 2, 8, 4, 7, 5]",loop
527,4,4,6,1,1,False,True,,,True,2,1,True,True,,,488361,"[1, 3, 6, 0, 2, 8, 4, 7, 5]",loop
528,7,7,7,1,1,False,True,,,True,2,1,False,False,,352,488713,"[1, 3, 6, 0, 2, 8, 4, 7, 5]",loop
529,4,8,5,1,-1,False,False,,,False,2,1,False,True,,1259,489972,"[1, 3, 6, 0, 2, 8, 4, 7, 5]",loop
530,7,7,7,1,1,False,True,,,True,2,1,True,True,,,490501,"[1, 3, 6, 0, 2, 8, 4, 7, 5]",loop
531,4,4,6,1,-1,False,True,,,True,2,1,False,True,,404,490905,"[1, 3, 6, 0, 2, 8, 4, 7, 5]",loop
532,8,8,5,1,-1,False,True,,,False,2,1,False,True,,1049,491954,"[1, 3, 6, 0, 2, 8, 4, 7, 5]",loop
533,4,4,6,1,1,False,True,,,False,2,1,False,True,,858,492812,"[1, 3, 6, 0, 2, 8, 4, 7, 5]",loop
534,7,7,7,1,1,False,True,,,False,2,1,False,True,,1309,494121,"[1, 3, 6, 0, 2, 8, 4, 7, 5]",loop
535,5,5,8,1,1,False,True,,,False,2,1,False,False,,1296,495417,"[1, 3, 6, 0, 2, 8, 4, 7, 5]",loop
536,1,7,7,1,1,False,False,,,False,2,1,False,False,,1692,497109,"[1, 3, 6, 0, 2, 8, 4, 7, 5]",loop
537,5,2,4,1,1,False,False,,,True,2,1,True,True,,,497671,"[1, 3, 6, 0, 2, 8, 4, 7, 5]",loop
538,5,5,8,1,1,False,True,,,True,2,1,True,False,,,498087,"[1, 3, 6, 0, 2, 8, 4, 7, 5]",loop
539,1,8,5,1,1,False,False,,,True,2,1,False,False,,1625,499712,"[1, 3, 6, 0, 2, 8, 4, 7, 5]",loop
540,5,2,4,1,1,False,False,,,True,2,1,True,True,,,500602,"[1, 3, 6, 0, 2, 8, 4, 7, 5]",loop
541,5,5,8,1,1,False,True,,,True,2,1,True,False,,,500880,"[1, 3, 6, 0, 2, 8, 4, 7, 5]",loop
542,1,7,7,1,1,False,False,,,True,2,1,False,False,,401,501281,"[1, 3, 6, 0, 2, 8, 4, 7, 5]",loop
543,1,2,4,1,1,False,False,,,True,2,1,True,False,,,501653,"[1, 3, 6, 0, 2, 8, 4, 7, 5]",loop
544,1,0,3,1,1,False,False,,,True,2,1,True,False,,,501959,"[1, 3, 6, 0, 2, 8, 4, 7, 5]",loop
545,1,7,7,1,1,False,False,,,True,2,1,True,True,,,502072,"[1, 3, 6, 0, 2, 8, 4, 7, 5]",loop
546,1,1,0,1,1,False,True,,,True,2,1,True,False,,,502231,"[1, 3, 6, 0, 2, 8, 4, 7, 5]",loop
547,3,6,2,1,1,False,False,,,False,2,1,False,False,,1238,503469,"[1, 3, 6, 0, 2, 8, 4, 7, 5]",loop
548,1,3,1,1,1,False,False,,,True,2,1,True,True,,,503759,"[1, 3, 6, 0, 2, 8, 4, 7, 5]",loop
549,1,1,0,1,1,False,True,,,True,2,1,True,True,,,504064,"[1, 3, 6, 0, 2, 8, 4, 7, 5]",loop
550,3,3,1,1,1,False,True,,,True,2,1,False,True,,329,504393,"[1, 3, 6, 0, 2, 8, 4, 7, 5]",loop
551,6,6,2,1,1,False,True,,,False,2,1,False,True,,1256,505649,"[1, 3, 6, 0, 2, 8, 4, 7, 5]",loop
552,0,0,3,1,1,False,True,,,False,2,1,False,True,,952,506601,"[1, 3, 6, 0, 2, 8, 4, 7, 5]",loop
553,2,2,4,1,1,False,True,,,False,2,1,False,True,,1179,507780,"[1, 3, 6, 0, 2, 8, 4, 7, 5]",loop
554,8,8,5,1,1,True,True,,,False,2,1,False,True,,1177,508957,"[1, 3, 6, 0, 2, 8, 4, 7, 5]",loop
555,4,4,6,1,1,True,True,,,False,2,1,False,True,,1088,510045,"[1, 3, 6, 0, 2, 8, 4, 7, 5]",loop
556,7,7,7,1,1,False,True,,,False,2,1,False,True,,1113,511158,"[1, 3, 6, 0, 2, 8, 4, 7, 5]",loop
557,5,5,8,1,1,True,True,,,False,2,1,False,False,,1346,512504,"[1, 3, 6, 0, 2, 8, 4, 7, 5]",loop
558,1,5,8,1,1,False,False,,,False,2,1,False,False,,916,513420,"[1, 3, 6, 0, 2, 8, 4, 7, 5]",loop
559,1,2,4,1,1,False,False,,,True,2,1,True,False,,,513670,"[1, 3, 6, 0, 2, 8, 4, 7, 5]",loop
560,5,8,5,1,1,False,False,,,True,2,1,True,True,,,514181,"[1, 3, 6, 0, 2, 8, 4, 7, 5]",loop
561,5,5,8,1,1,False,True,,,True,2,1,True,False,,,515025,"[1, 3, 6, 0, 2, 8, 4, 7, 5]",loop
562,1,2,4,1,1,False,False,,,True,2,1,False,False,,720,515745,"[1, 3, 6, 0, 2, 8, 4, 7, 5]",loop
563,5,7,7,1,1,False,False,,,True,2,1,True,True,,,516443,"[1, 3, 6, 0, 2, 8, 4, 7, 5]",loop
564,5,5,8,1,1,False,True,,,True,2,1,True,False,,,516762,"[1, 3, 6, 0, 2, 8, 4, 7, 5]",loop
565,1,2,4,1,1,False,False,,,True,2,1,False,True,,373,517135,"[1, 3, 6, 0, 2, 8, 4, 7, 5]",loop
566,1,1,0,1,1,False,True,,,True,2,1,True,True,,,517708,"[1, 3, 6, 0, 2, 8, 4, 7, 5]",loop
567,3,3,1,1,1,False,True,,,False,2,1,False,True,,1171,518879,"[1, 3, 6, 0, 2, 8, 4, 7, 5]",loop
568,6,6,2,1,1,False,True,,,False,2,1,False,False,,1468,520347,"[1, 3, 6, 0, 2, 8, 4, 7, 5]",loop
569,0,1,0,1,1,False,False,,,False,2,1,False,False,,981,521328,"[1, 3, 6, 0, 2, 8, 4, 7, 5]",loop
570,6,1,0,1,1,False,False,,,True,2,1,True,True,,,522278,"[1, 3, 6, 0, 2, 8, 4, 7, 5]",loop
571,6,6,2,1,1,False,True,,,True,2,1,True,True,,,525975,"[1, 3, 6, 0, 2, 8, 4, 7, 5]",loop
572,0,0,3,1,1,False,True,,,True,2,1,False,True,,587,526562,"[1, 3, 6, 0, 2, 8, 4, 7, 5]",loop
573,2,2,4,1,1,False,True,,,False,2,1,False,False,,987,527549,"[1, 3, 6, 0, 2, 8, 4, 7, 5]",loop
574,8,4,6,1,1,False,False,,,False,2,1,False,False,,902,528451,"[1, 3, 6, 0, 2, 8, 4, 7, 5]",loop
575,2,4,6,1,1,False,False,,,True,2,1,True,True,,,529166,"[1, 3, 6, 0, 2, 8, 4, 7, 5]",loop
576,2,2,4,1,1,False,True,,,True,2,1,True,True,,,529258,"[1, 3, 6, 0, 2, 8, 4, 7, 5]",loop
577,8,8,5,1,1,False,True,,,True,2,1,False,True,,573,529831,"[1, 3, 6, 0, 2, 8, 4, 7, 5]",loop
578,4,4,6,1,1,False,True,,,False,2,1,False,True,,843,530674,"[1, 3, 6, 0, 2, 8, 4, 7, 5]",loop
579,7,7,7,1,1,False,True,,,False,2,1,False,True,,1104,531778,"[1, 3, 6, 0, 2, 8, 4, 7, 5]",loop
580,5,5,8,1,1,False,True,,,False,2,1,False,False,,1163,532941,"[1, 3, 6, 0, 2, 8, 4, 7, 5]",loop
581,1,3,1,1,1,False,False,,,False,2,1,False,True,,78180,611121,"[1, 3, 6, 0, 2, 8, 4, 7, 5]",loop
582,5,5,8,1,1,False,True,,,True,2,1,True,False,,,643477,"[1, 3, 6, 0, 2, 8, 4, 7, 5]",loop
583,1,7,7,1,1,False,False,,,True,2,1,False,False,,512,643989,"[1, 3, 6, 0, 2, 8, 4, 7, 5]",loop
584,5,7,7,1,1,False,False,,,True,2,1,True,False,,,719030,"[1, 3, 6, 0, 2, 8, 4, 7, 5]",loop
585,5,7,7,1,1,False,False,,,True,2,1,True,False,,,719781,"[1, 3, 6, 0, 2, 8, 4, 7, 5]",loop
586,5,0,3,1,1,False,False,,,True,2,1,True,True,,,720454,"[1, 3, 6, 0, 2, 8, 4, 7, 5]",loop
587,5,5,8,1,1,False,True,,,True,2,1,True,False,,,754785,"[1, 3, 6, 0, 2, 8, 4, 7, 5]",loop
588,1,7,7,1,1,False,False,,,True,2,1,False,True,,890,755675,"[1, 3, 6, 0, 2, 8, 4, 7, 5]",loop
589,1,1,0,1,1,False,True,,,True,2,1,True,False,,,756458,"[1, 3, 6, 0, 2, 8, 4, 7, 5]",loop
590,3,4,6,1,1,False,False,,,False,2,1,False,True,,1018,757476,"[1, 3, 6, 0, 2, 8, 4, 7, 5]",loop
591,1,1,0,1,1,False,True,,,True,2,1,True,True,,,758047,"[1, 3, 6, 0, 2, 8, 4, 7, 5]",loop
592,3,3,1,1,1,False,True,,,True,2,1,False,True,,510,758557,"[1, 3, 6, 0, 2, 8, 4, 7, 5]",loop
593,6,6,2,1,1,False,True,,,False,2,1,False,False,,1174,759731,"[1, 3, 6, 0, 2, 8, 4, 7, 5]",loop
594,0,4,6,1,1,False,False,,,False,2,1,False,False,,1262,760993,"[1, 3, 6, 0, 2, 8, 4, 7, 5]",loop
595,6,2,4,1,1,False,False,,,True,2,1,True,False,,,762121,"[1, 3, 6, 0, 2, 8, 4, 7, 5]",loop
596,6,2,4,1,1,False,False,,,True,2,1,True,True,,,763234,"[1, 3, 6, 0, 2, 8, 4, 7, 5]",loop
597,6,6,2,1,1,False,True,,,True,2,1,True,False,,,773822,"[1, 3, 6, 0, 2, 8, 4, 7, 5]",loop
598,0,8,5,1,1,False,False,,,True,2,1,False,True,,571,774393,"[1, 3, 6, 0, 2, 8, 4, 7, 5]",loop
599,6,6,2,1,1,False,True,,,True,2,1,True,False,,,774746,"[1, 3, 6, 0, 2, 8, 4, 7, 5]",loop
600,0,8,5,1,1,False,False,,,True,2,1,False,True,,476,775222,"[1, 3, 6, 0, 2, 8, 4, 7, 5]",loop
601,0,0,3,1,1,False,True,,,True,2,1,True,True,,,775450,"[1, 3, 6, 0, 2, 8, 4, 7, 5]",loop
602,2,2,4,1,1,False,True,,,False,2,1,False,False,,1173,776623,"[1, 3, 6, 0, 2, 8, 4, 7, 5]",loop
603,8,4,6,1,1,False,False,,,False,2,1,False,True,,1184,777807,"[1, 3, 6, 0, 2, 8, 4, 7, 5]",loop
604,2,2,4,1,1,False,True,,,True,2,1,True,False,,,781327,"[1, 3, 6, 0, 2, 8, 4, 7, 5]",loop
605,8,2,4,1,1,False,False,,,True,2,1,False,False,,360,781687,"[1, 3, 6, 0, 2, 8, 4, 7, 5]",loop
606,8,4,6,1,1,False,False,,,True,2,1,True,True,,,782116,"[1, 3, 6, 0, 2, 8, 4, 7, 5]",loop
607,2,2,4,1,1,False,True,,,True,2,1,True,False,,,782521,"[1, 3, 6, 0, 2, 8, 4, 7, 5]",loop
608,8,4,6,1,1,False,False,,,True,2,1,False,True,,361,782882,"[1, 3, 6, 0, 2, 8, 4, 7, 5]",loop
609,8,8,5,1,1,False,True,,,True,2,1,True,True,,,783282,"[1, 3, 6, 0, 2, 8, 4, 7, 5]",loop
610,4,4,6,1,1,False,True,,,False,2,1,False,True,,774,784056,"[1, 3, 6, 0, 2, 8, 4, 7, 5]",loop
611,7,7,7,1,1,False,True,,,False,2,1,False,True,,1236,785292,"[1, 3, 6, 0, 2, 8, 4, 7, 5]",loop
612,5,5,8,1,1,False,True,,,False,2,1,False,False,,1063,786355,"[1, 3, 6, 0, 2, 8, 4, 7, 5]",loop
613,1,5,8,1,1,False,False,,,False,2,1,False,True,,3310,789665,"[1, 3, 6, 0, 2, 8, 4, 7, 5]",loop
614,1,1,0,1,1,False,True,,,True,2,1,True,True,,,790589,"[1, 3, 6, 0, 2, 8, 4, 7, 5]",loop
615,3,3,1,1,1,False,True,,,False,2,1,False,True,,1075,791664,"[1, 3, 6, 0, 2, 8, 4, 7, 5]",loop
616,6,6,2,1,1,False,True,,,False,2,1,False,True,,924,792588,"[1, 3, 6, 0, 2, 8, 4, 7, 5]",loop
617,0,0,3,1,1,False,True,,,False,2,1,False,True,,1101,793689,"[1, 3, 6, 0, 2, 8, 4, 7, 5]",loop
618,2,2,4,1,1,False,True,,,False,2,1,False,False,,1082,794771,"[1, 3, 6, 0, 2, 8, 4, 7, 5]",loop
619,8,4,6,1,1,False,False,,,False,2,1,False,True,,1143,795914,"[1, 3, 6, 0, 2, 8, 4, 7, 5]",loop
620,2,2,4,1,1,False,True,,,True,2,1,True,False,,,796285,"[1, 3, 6, 0, 2, 8, 4, 7, 5]",loop
621,8,2,4,1,1,False,False,,,True,2,1,False,False,,226,796511,"[1, 3, 6, 0, 2, 8, 4, 7, 5]",loop
622,8,0,3,1,1,False,False,,,True,2,1,True,False,,,797008,"[1, 3, 6, 0, 2, 8, 4, 7, 5]",loop
623,2,0,3,1,1,False,False,,,True,2,1,True,False,,,799388,"[1, 3, 6, 0, 2, 8, 4, 7, 5]",loop
624,2,0,3,1,1,False,False,,,True,2,1,True,True,,,799643,"[1, 3, 6, 0, 2, 8, 4, 7, 5]",loop
625,2,2,4,1,1,False,True,,,True,2,1,True,True,,,816963,"[1, 3, 6, 0, 2, 8, 4, 7, 5]",loop
626,8,8,5,1,1,False,True,,,True,2,1,False,True,,648,817611,"[1, 3, 6, 0, 2, 8, 4, 7, 5]",loop
627,4,4,6,1,1,False,True,,,False,2,1,False,False,,989,818600,"[1, 3, 6, 0, 2, 8, 4, 7, 5]",loop
628,7,2,4,1,1,False,False,,,False,2,1,False,False,,1012,819612,"[1, 3, 6, 0, 2, 8, 4, 7, 5]",loop
629,4,0,3,1,1,False,False,,,True,2,1,True,True,,,822100,"[1, 3, 6, 0, 2, 8, 4, 7, 5]",loop
630,4,4,6,1,1,False,True,,,True,2,1,True,False,,,822529,"[1, 3, 6, 0, 2, 8, 4, 7, 5]",loop
631,7,8,5,1,1,False,False,,,True,2,1,False,False,,429,822958,"[1, 3, 6, 0, 2, 8, 4, 7, 5]",loop
632,4,0,3,1,1,False,False,,,True,2,1,True,True,,,823888,"[1, 3, 6, 0, 2, 8, 4, 7, 5]",loop
633,4,4,6,1,1,False,True,,,True,2,1,True,False,,,824513,"[1, 3, 6, 0, 2, 8, 4, 7, 5]",loop
634,7,2,4,1,1,False,False,,,True,2,1,False,True,,388,824901,"[1, 3, 6, 0, 2, 8, 4, 7, 5]",loop
635,7,7,7,1,1,False,True,,,True,2,1,True,True,,,831772,"[1, 3, 6, 0, 2, 8, 4, 7, 5]",loop
636,5,5,8,1,1,False,True,,,False,2,1,False,False,,874,832646,"[1, 3, 6, 0, 2, 8, 4, 7, 5]",loop
637,1,4,6,1,1,False,False,,,False,2,1,False,False,,1599,834245,"[1, 3, 6, 0, 2, 8, 4, 7, 5]",loop
638,5,1,0,1,1,False,False,,,True,2,1,True,True,,,834751,"[1, 3, 6, 0, 2, 8, 4, 7, 5]",loop
639,5,5,8,1,1,False,True,,,True,2,1,True,True,,,886448,"[1, 3, 6, 0, 2, 8, 4, 7, 5]",loop
640,1,1,0,1,1,False,True,,,True,2,1,False,True,,1684,888132,"[1, 3, 6, 0, 2, 8, 4, 7, 5]",loop
641,3,3,1,1,1,False,True,,,False,2,1,False,True,,1154,889286,"[1, 3, 6, 0, 2, 8, 4, 7, 5]",loop
642,6,6,2,1,1,False,True,,,False,2,1,False,False,,1535,890821,"[1, 3, 6, 0, 2, 8, 4, 7, 5]",loop
643,0,6,2,1,1,True,False,,,False,2,1,False,True,,17412,908233,"[1, 3, 6, 0, 2, 8, 4, 7, 5]",loop
644,0,0,3,1,1,True,True,,,True,2,1,True,True,,,914068,"[1, 3, 6, 0, 2, 8, 4, 7, 5]",loop
645,2,2,4,1,1,False,True,,,False,2,1,False,False,,10099,924167,"[1, 3, 6, 0, 2, 8, 4, 7, 5]",loop
646,8,4,6,1,1,False,False,,,False,2,1,False,False,,967,925134,"[1, 3, 6, 0, 2, 8, 4, 7, 5]",loop
647,2,8,5,1,1,False,False,,,True,2,1,True,True,,,925520,"[1, 3, 6, 0, 2, 8, 4, 7, 5]",loop
648,2,2,4,1,1,False,True,,,True,2,1,True,False,,,926096,"[1, 3, 6, 0, 2, 8, 4, 7, 5]",loop
649,8,4,6,1,1,False,False,,,True,2,1,False,False,,1000,927096,"[1, 3, 6, 0, 2, 8, 4, 7, 5]",loop
650,2,1,0,1,1,False,False,,,True,2,1,True,False,,,936904,"[1, 3, 6, 0, 2, 8, 4, 7, 5]",loop
651,2,1,0,1,1,False,False,,,True,2,1,True,False,,,937128,"[1, 3, 6, 0, 2, 8, 4, 7, 5]",loop
652,2,5,8,1,1,False,False,,,True,2,1,True,True,,,957677,"[1, 3, 6, 0, 2, 8, 4, 7, 5]",loop
653,2,2,4,1,1,False,True,,,True,2,1,True,False,,,957684,"[1, 3, 6, 0, 2, 8, 4, 7, 5]",loop
654,8,4,6,1,1,False,False,,,True,2,1,False,True,,561,958245,"[1, 3, 6, 0, 2, 8, 4, 7, 5]",loop
655,8,8,5,1,1,False,True,,,True,2,1,True,True,,,958668,"[1, 3, 6, 0, 2, 8, 4, 7, 5]",loop
656,4,4,6,1,1,False,True,,,False,2,1,False,True,,956,959624,"[1, 3, 6, 0, 2, 8, 4, 7, 5]",loop
657,7,7,7,1,1,False,True,,,False,2,1,False,True,,1165,960789,"[1, 3, 6, 0, 2, 8, 4, 7, 5]",loop
658,5,5,8,1,1,False,True,,,False,2,1,False,True,,885,961674,"[1, 3, 6, 0, 2, 8, 4, 7, 5]",loop
659,1,1,0,1,1,False,True,,,False,2,1,False,False,,4575,966249,"[1, 3, 6, 0, 2, 8, 4, 7, 5]",loop
660,3,1,0,1,1,False,False,,,False,2,1,False,True,,887,967136,"[1, 3, 6, 0, 2, 8, 4, 7, 5]",loop
661,3,3,1,1,1,False,True,,,True,2,1,True,True,,,967248,"[1, 3, 6, 0, 2, 8, 4, 7, 5]",loop
662,6,6,2,1,1,False,True,,,False,2,1,False,True,,1114,968362,"[1, 3, 6, 0, 2, 8, 4, 7, 5]",loop
663,0,0,3,1,1,True,True,,,False,2,1,False,True,,1186,969548,"[1, 3, 6, 0, 2, 8, 4, 7, 5]",loop
664,2,2,4,1,1,False,True,,,False,2,1,False,False,,1055,970603,"[1, 3, 6, 0, 2, 8, 4, 7, 5]",loop
665,8,4,6,1,1,False,False,,,False,2,1,False,True,,1111,971714,"[1, 3, 6, 0, 2, 8, 4, 7, 5]",loop
666,2,2,4,1,1,False,True,,,True,2,1,True,False,,,972262,"[1, 3, 6, 0, 2, 8, 4, 7, 5]",loop
667,8,0,3,1,1,False,False,,,True,2,1,False,True,,819,973081,"[1, 3, 6, 0, 2, 8, 4, 7, 5]",loop
668,2,2,4,1,1,False,True,,,True,2,1,True,False,,,973509,"[1, 3, 6, 0, 2, 8, 4, 7, 5]",loop
669,8,4,6,1,1,False,False,,,True,2,1,False,True,,317,973826,"[1, 3, 6, 0, 2, 8, 4, 7, 5]",loop
670,8,8,5,1,1,False,True,,,True,2,1,True,True,,,974153,"[1, 3, 6, 0, 2, 8, 4, 7, 5]",loop
671,4,4,6,1,1,True,True,,,False,2,1,False,True,,908,975061,"[1, 3, 6, 0, 2, 8, 4, 7, 5]",loop
672,7,7,7,1,1,False,True,,,False,2,1,False,True,,1066,976127,"[1, 3, 6, 0, 2, 8, 4, 7, 5]",loop
673,5,5,8,1,1,True,True,,,False,2,1,False,True,,1329,977456,"[1, 3, 6, 0, 2, 8, 4, 7, 5]",loop
674,1,1,0,1,1,False,True,,,False,2,1,False,False,,2188,979644,"[1, 3, 6, 0, 2, 8, 4, 7, 5]",loop
675,5,4,6,1,-1,False,False,,,False,2,1,False,True,,84,979728,"[1, 3, 6, 0, 2, 8, 4, 7, 5]",loop
676,1,1,0,1,1,False,True,,,True,2,1,True,False,,,980899,"[1, 3, 6, 0, 2, 8, 4, 7, 5]",loop
677,5,4,6,1,-1,False,False,,,True,2,1,False,False,,411,981310,"[1, 3, 6, 0, 2, 8, 4, 7, 5]",loop
678,1,0,3,1,1,False,False,,,True,2,1,True,True,,,981612,"[1, 3, 6, 0, 2, 8, 4, 7, 5]",loop
679,1,1,0,1,1,False,True,,,True,2,1,True,False,,,981903,"[1, 3, 6, 0, 2, 8, 4, 7, 5]",loop
680,5,0,3,1,-1,False,False,,,True,2,1,False,True,,312,982215,"[1, 3, 6, 0, 2, 8, 4, 7, 5]",loop
681,5,5,8,1,-1,False,True,,,True,2,1,True,True,,,983047,"[1, 3, 6, 0, 2, 8, 4, 7, 5]",loop
682,7,7,7,1,-1,False,True,,,False,2,1,False,True,,1184,984231,"[1, 3, 6, 0, 2, 8, 4, 7, 5]",loop
683,4,4,6,1,-1,False,True,,,False,2,1,False,True,,965,985196,"[1, 3, 6, 0, 2, 8, 4, 7, 5]",loop
684,8,8,5,1,-1,False,True,,,False,2,1,False,True,,1001,986197,"[1, 3, 6, 0, 2, 8, 4, 7, 5]",loop
685,2,2,4,1,-1,False,True,,,False,2,1,False,True,,914,987111,"[1, 3, 6, 0, 2, 8, 4, 7, 5]",loop
686,0,0,3,1,-1,True,True,,,False,2,1,False,True,,1107,988218,"[1, 3, 6, 0, 2, 8, 4, 7, 5]",loop
687,6,6,2,1,-1,False,True,,,False,2,1,False,True,,1053,989271,"[1, 3, 6, 0, 2, 8, 4, 7, 5]",loop
688,3,3,1,1,-1,False,True,,,False,2,1,False,True,,847,990118,"[1, 3, 6, 0, 2, 8, 4, 7, 5]",loop
689,2,2,2,0,1,False,True,,,False,3,1,False,True,,96442,1086560,"[8, 4, 2, 5, 7, 0, 6, 1, 3]",loop
690,5,5,3,0,1,False,True,,,False,3,1,False,True,,757,1087317,"[8, 4, 2, 5, 7, 0, 6, 1, 3]",loop
691,7,7,4,0,1,False,True,,,False,3,1,False,False,,2654,1089971,"[8, 4, 2, 5, 7, 0, 6, 1, 3]",loop
692,0,7,4,0,1,False,False,,,False,3,1,False,False,,1134,1091105,"[8, 4, 2, 5, 7, 0, 6, 1, 3]",loop
693,0,4,1,0,1,False,False,,,True,3,1,True,False,,,1091257,"[8, 4, 2, 5, 7, 0, 6, 1, 3]",loop
694,7,2,2,0,1,False,False,,,True,3,1,True,True,,,1091923,"[8, 4, 2, 5, 7, 0, 6, 1, 3]",loop
695,7,7,4,0,1,False,True,,,True,3,1,True,False,,,1093759,"[8, 4, 2, 5, 7, 0, 6, 1, 3]",loop
696,0,7,4,0,1,False,False,,,True,3,1,False,False,,48362,1142121,"[8, 4, 2, 5, 7, 0, 6, 1, 3]",loop
697,0,4,1,0,1,False,False,,,True,3,1,True,False,,,1142306,"[8, 4, 2, 5, 7, 0, 6, 1, 3]",loop
698,7,8,0,0,1,False,False,,,True,3,1,True,True,,,1142905,"[8, 4, 2, 5, 7, 0, 6, 1, 3]",loop
699,7,7,4,0,1,False,True,,,True,3,1,True,False,,,1162292,"[8, 4, 2, 5, 7, 0, 6, 1, 3]",loop
700,0,7,4,0,1,False,False,,,True,3,1,False,False,,167,1162459,"[8, 4, 2, 5, 7, 0, 6, 1, 3]",loop
701,0,4,1,0,1,False,False,,,True,3,1,True,True,,,1175588,"[8, 4, 2, 5, 7, 0, 6, 1, 3]",loop
702,0,0,5,0,1,False,True,,,True,3,1,True,True,,,1175935,"[8, 4, 2, 5, 7, 0, 6, 1, 3]",loop
703,6,6,6,0,1,False,True,,,False,3,1,False,True,,1202,1177137,"[8, 4, 2, 5, 7, 0, 6, 1, 3]",loop
704,1,1,7,0,1,False,True,,,False,3,1,False,False,,941,1178078,"[8, 4, 2, 5, 7, 0, 6, 1, 3]",loop
705,6,3,8,0,-1,False,False,,,False,3,1,False,True,,1782,1179860,"[8, 4, 2, 5, 7, 0, 6, 1, 3]",loop
706,1,1,7,0,1,False,True,,,True,3,1,True,True,,,1180318,"[8, 4, 2, 5, 7, 0, 6, 1, 3]",loop
707,6,6,6,0,-1,False,True,,,True,3,1,False,True,,472,1180790,"[8, 4, 2, 5, 7, 0, 6, 1, 3]",loop
708,0,0,5,0,-1,False,True,,,False,3,1,False,False,,937,1181727,"[8, 4, 2, 5, 7, 0, 6, 1, 3]",loop
709,7,2,2,0,-1,False,False,,,False,3,1,False,False,,930,1182657,"[8, 4, 2, 5, 7, 0, 6, 1, 3]",loop
710,0,8,0,0,-1,False,False,,,True,3,1,True,False,,,1183309,"[8, 4, 2, 5, 7, 0, 6, 1, 3]",loop
711,0,4,1,0,-1,False,False,,,True,3,1,True,False,,,1183725,"[8, 4, 2, 5, 7, 0, 6, 1, 3]",loop
712,0,4,1,0,-1,False,False,,,True,3,1,True,True,,,1183905,"[8, 4, 2, 5, 7, 0, 6, 1, 3]",loop
713,0,0,5,0,-1,False,True,,,True,3,1,True,True,,,1184203,"[8, 4, 2, 5, 7, 0, 6, 1, 3]",loop
714,7,7,4,0,-1,False,True,,,True,3,1,False,True,,554,1184757,"[8, 4, 2, 5, 7, 0, 6, 1, 3]",loop
715,5,5,3,0,-1,False,True,,,False,3,1,False,False,,1058,1185815,"[8, 4, 2, 5, 7, 0, 6, 1, 3]",loop
716,2,5,3,0,-1,False,False,,,False,3,1,False,True,,721,1186536,"[8, 4, 2, 5, 7, 0, 6, 1, 3]",loop
717,2,2,2,0,-1,False,True,,,True,3,1,True,True,,,1187324,"[8, 4, 2, 5, 7, 0, 6, 1, 3]",loop
718,4,4,1,0,-1,False,True,,,False,3,1,False,True,,878,1188202,"[8, 4, 2, 5, 7, 0, 6, 1, 3]",loop
719,8,8,0,0,-1,False,True,,,False,3,1,False,False,,1014,1189216,"[8, 4, 2, 5, 7, 0, 6, 1, 3]",loop
720,3,2,2,0,-1,True,False,,,False,3,1,False,False,,1277,1190493,"[8, 4, 2, 5, 7, 0, 6, 1, 3]",loop
721,8,4,1,0,-1,False,False,,,True,3,1,True,True,,,1193722,"[8, 4, 2, 5, 7, 0, 6, 1, 3]",loop
722,8,8,0,0,-1,False,True,,,True,3,1,True,False,,,1194106,"[8, 4, 2, 5, 7, 0, 6, 1, 3]",loop
723,3,6,6,0,-1,False,False,,,True,3,1,False,False,,437,1194543,"[8, 4, 2, 5, 7, 0, 6, 1, 3]",loop
724,8,4,1,0,-1,False,False,,,True,3,1,True,True,,,1196034,"[8, 4, 2, 5, 7, 0, 6, 1, 3]",loop
725,8,8,0,0,-1,False,True,,,True,3,1,True,False,,,1196365,"[8, 4, 2, 5, 7, 0, 6, 1, 3]",loop
726,3,8,0,0,-1,False,False,,,True,3,1,False,True,,398,1196763,"[8, 4, 2, 5, 7, 0, 6, 1, 3]",loop
727,3,3,8,0,-1,False,True,,,True,3,1,True,True,,,1197135,"[8, 4, 2, 5, 7, 0, 6, 1, 3]",loop
728,1,1,7,0,-1,False,True,,,False,3,1,False,True,,818,1197953,"[8, 4, 2, 5, 7, 0, 6, 1, 3]",loop
729,6,6,6,0,-1,False,True,,,False,3,1,False,True,,1725,1199678,"[8, 4, 2, 5, 7, 0, 6, 1, 3]",loop
730,0,0,5,0,-1,False,True,,,False,3,1,False,True,,1072,1200750,"[8, 4, 2, 5, 7, 0, 6, 1, 3]",loop
731,7,7,4,0,-1,True,True,,,False,3,1,False,True,,1319,1202069,"[8, 4, 2, 5, 7, 0, 6, 1, 3]",loop
732,5,5,3,0,-1,False,True,,,False,3,1,False,True,,1510,1203579,"[8, 4, 2, 5, 7, 0, 6, 1, 3]",loop
733,7,7,4,0,1,False,True,,,False,3,1,False,False,,1222,1204801,"[8, 4, 2, 5, 7, 0, 6, 1, 3]",loop
734,0,4,1,0,1,False,False,,,False,3,1,False,False,,1153,1205954,"[8, 4, 2, 5, 7, 0, 6, 1, 3]",loop
735,7,4,1,0,1,False,False,,,True,3,1,True,True,,,1209683,"[8, 4, 2, 5, 7, 0, 6, 1, 3]",loop
736,7,7,4,0,1,False,True,,,True,3,1,True,True,,,1216670,"[8, 4, 2, 5, 7, 0, 6, 1, 3]",loop
737,0,0,5,0,1,False,True,,,True,3,1,False,True,,1073,1217743,"[8, 4, 2, 5, 7, 0, 6, 1, 3]",loop
738,6,6,6,0,1,False,True,,,False,3,1,False,True,,1337,1219080,"[8, 4, 2, 5, 7, 0, 6, 1, 3]",loop
739,1,1,7,0,1,False,True,,,False,3,1,False,True,,1126,1220206,"[8, 4, 2, 5, 7, 0, 6, 1, 3]",loop
740,3,3,8,0,1,False,True,,,False,3,1,False,False,,1205,1221411,"[8, 4, 2, 5, 7, 0, 6, 1, 3]",loop
741,1,6,6,0,-1,False,False,,,False,3,1,False,False,,1084,1222495,"[8, 4, 2, 5, 7, 0, 6, 1, 3]",loop
742,3,7,4,0,1,False,False,,,True,3,1,True,False,,,1286945,"[8, 4, 2, 5, 7, 0, 6, 1, 3]",loop
743,3,8,0,0,1,False,False,,,True,3,1,True,False,,,1305274,"[8, 4, 2, 5, 7, 0, 6, 1, 3]",loop
744,3,8,0,0,1,False,False,,,True,3,1,True,False,,,1305491,"[8, 4, 2, 5, 7, 0, 6, 1, 3]",loop
745,3,6,6,0,1,False,False,,,True,3,1,True,True,,,1305942,"[8, 4, 2, 5, 7, 0, 6, 1, 3]",loop
746,3,3,8,0,1,False,True,,,True,3,1,True,True,,,1306329,"[8, 4, 2, 5, 7, 0, 6, 1, 3]",loop
747,1,1,7,0,-1,False,True,,,True,3,1,False,True,,411,1306740,"[8, 4, 2, 5, 7, 0, 6, 1, 3]",loop
748,6,6,6,0,-1,False,True,,,False,3,1,False,False,,1093,1307833,"[8, 4, 2, 5, 7, 0, 6, 1, 3]",loop
749,0,4,1,0,-1,False,False,,,False,3,1,False,False,,8968,1316801,"[8, 4, 2, 5, 7, 0, 6, 1, 3]",loop
750,6,8,0,0,-1,False,False,,,True,3,1,True,True,,,1317298,"[8, 4, 2, 5, 7, 0, 6, 1, 3]",loop
751,6,6,6,0,-1,False,True,,,True,3,1,True,True,,,1319900,"[8, 4, 2, 5, 7, 0, 6, 1, 3]",loop
752,0,0,5,0,-1,False,True,,,True,3,1,False,False,,983,1320883,"[8, 4, 2, 5, 7, 0, 6, 1, 3]",loop
753,7,2,2,0,-1,True,False,,,False,3,1,False,True,,2967,1323850,"[8, 4, 2, 5, 7, 0, 6, 1, 3]",loop
754,0,0,5,0,-1,False,True,,,True,3,1,True,True,,,1324976,"[8, 4, 2, 5, 7, 0, 6, 1, 3]",loop
755,7,7,4,0,-1,False,True,,,True,3,1,False,True,,12370,1337346,"[8, 4, 2, 5, 7, 0, 6, 1, 3]",loop
756,5,5,3,0,-1,False,True,,,False,3,1,False,False,,1479,1338825,"[8, 4, 2, 5, 7, 0, 6, 1, 3]",loop
757,2,1,7,0,-1,True,False,,,False,3,1,False,False,,441042,1779867,"[8, 4, 2, 5, 7, 0, 6, 1, 3]",loop
758,5,0,5,0,-1,False,False,,,True,3,1,True,,,,1795796,"[8, 4, 2, 5, 7, 0, 6, 1, 3]",loop
759,5,0,5,0,-1,False,False,,,True,3,1,True,,,,1798687,"[8, 4, 2, 5, 7, 0, 6, 1, 3]",loop
